BEGIN TRANSACTION;
CREATE TABLE IF NOT EXISTS "alembic_version" (
	"version_num"	VARCHAR(32) NOT NULL,
	CONSTRAINT "alembic_version_pkc" PRIMARY KEY("version_num")
);
CREATE TABLE IF NOT EXISTS "caregiver_senior_map" (
	"id"	INTEGER NOT NULL,
	"caregiver_id"	INTEGER NOT NULL,
	"senior_id"	INTEGER NOT NULL,
	"status"	VARCHAR(20) NOT NULL,
	PRIMARY KEY("id"),
	FOREIGN KEY("caregiver_id") REFERENCES "users"("id"),
	FOREIGN KEY("senior_id") REFERENCES "users"("id")
);
CREATE TABLE IF NOT EXISTS "daily_health_entry" (
	"id"	INTEGER NOT NULL,
	"user_id"	INTEGER NOT NULL,
	"date"	DATETIME NOT NULL,
	"bp_systolic"	FLOAT,
	"bp_diastolic"	FLOAT,
	"sugar_level"	FLOAT,
	PRIMARY KEY("id"),
	FOREIGN KEY("user_id") REFERENCES "users"("id")
);
CREATE TABLE IF NOT EXISTS "medicine" (
	"id"	INTEGER NOT NULL,
	"title"	VARCHAR(100) NOT NULL,
	"description"	TEXT NOT NULL,
	"user_id"	INTEGER NOT NULL,
	"image"	VARCHAR(200),
	"created_at"	DATETIME,
	"is_approved"	BOOLEAN,
	"status"	VARCHAR(20),
	PRIMARY KEY("id"),
	FOREIGN KEY("user_id") REFERENCES "users"("id")
);
CREATE TABLE IF NOT EXISTS "medicine_reminder" (
	"id"	INTEGER NOT NULL,
	"user_med_map_id"	INTEGER NOT NULL,
	"reminder_time"	VARCHAR(20) NOT NULL,
	"notification_type"	VARCHAR(20) NOT NULL,
	"message"	VARCHAR(200) NOT NULL,
	"active"	BOOLEAN,
	PRIMARY KEY("id"),
	FOREIGN KEY("user_med_map_id") REFERENCES "user_med_map"("id")
);
CREATE TABLE IF NOT EXISTS "notifications" (
	"id"	INTEGER NOT NULL,
	"sender_id"	INTEGER NOT NULL,
	"receiver_id"	INTEGER NOT NULL,
	"type"	VARCHAR(20) NOT NULL,
	"medicine_id"	INTEGER,
	"slot"	VARCHAR(50),
	"message"	VARCHAR(255) NOT NULL,
	"created_at"	DATETIME NOT NULL,
	"is_read"	BOOLEAN,
	PRIMARY KEY("id"),
	FOREIGN KEY("medicine_id") REFERENCES "medicine"("id"),
	FOREIGN KEY("receiver_id") REFERENCES "users"("id"),
	FOREIGN KEY("sender_id") REFERENCES "users"("id")
);
CREATE TABLE IF NOT EXISTS "status" (
	"id"	INTEGER NOT NULL,
	"user_med_map_id"	INTEGER NOT NULL,
	"date"	DATETIME NOT NULL,
	"breakfast_before"	BOOLEAN,
	"breakfast_after"	BOOLEAN,
	"lunch_before"	BOOLEAN,
	"lunch_after"	BOOLEAN,
	"dinner_before"	BOOLEAN,
	"dinner_after"	BOOLEAN,
	PRIMARY KEY("id"),
	FOREIGN KEY("user_med_map_id") REFERENCES "user_med_map"("id")
);
CREATE TABLE IF NOT EXISTS "user_med_map" (
	"id"	INTEGER NOT NULL,
	"medicine_id"	INTEGER NOT NULL,
	"user_id"	INTEGER NOT NULL,
	"dosage"	VARCHAR NOT NULL,
	"start_date"	DATE NOT NULL,
	"end_date"	DATE,
	"breakfast_before"	BOOLEAN,
	"breakfast_after"	BOOLEAN,
	"lunch_before"	BOOLEAN,
	"lunch_after"	BOOLEAN,
	"dinner_before"	BOOLEAN,
	"dinner_after"	BOOLEAN,
	PRIMARY KEY("id"),
	CONSTRAINT "fk_user_med_map_medicine_id" FOREIGN KEY("medicine_id") REFERENCES "medicine"("id") ON DELETE CASCADE,
	CONSTRAINT "fk_user_med_map_user_id" FOREIGN KEY("user_id") REFERENCES "users"("id")
);
CREATE TABLE IF NOT EXISTS "users" (
	"id"	INTEGER NOT NULL,
	"first_name"	VARCHAR(50) NOT NULL,
	"last_name"	VARCHAR(50) NOT NULL,
	"username"	VARCHAR(50) NOT NULL,
	"role"	VARCHAR(20) NOT NULL,
	"profile_picture"	VARCHAR(200),
	"password_hash"	VARCHAR(128) NOT NULL,
	"created_at"	DATETIME,
	"relation"	VARCHAR(50),
	PRIMARY KEY("id"),
	UNIQUE("username")
);
INSERT INTO "alembic_version" VALUES ('a377062b0334');
INSERT INTO "caregiver_senior_map" VALUES (1,5,2,'approved');
INSERT INTO "caregiver_senior_map" VALUES (2,1,3,'approved');
INSERT INTO "caregiver_senior_map" VALUES (3,1,7,'approved');
INSERT INTO "caregiver_senior_map" VALUES (4,8,11,'approved');
INSERT INTO "caregiver_senior_map" VALUES (5,8,10,'rejected');
INSERT INTO "caregiver_senior_map" VALUES (6,8,7,'pending');
INSERT INTO "caregiver_senior_map" VALUES (7,8,14,'approved');
INSERT INTO "caregiver_senior_map" VALUES (8,18,17,'approved');
INSERT INTO "caregiver_senior_map" VALUES (9,18,19,'approved');
INSERT INTO "caregiver_senior_map" VALUES (10,18,20,'approved');
INSERT INTO "caregiver_senior_map" VALUES (11,23,22,'approved');
INSERT INTO "caregiver_senior_map" VALUES (12,25,24,'pending');
INSERT INTO "caregiver_senior_map" VALUES (13,26,27,'rejected');
INSERT INTO "caregiver_senior_map" VALUES (14,26,28,'approved');
INSERT INTO "caregiver_senior_map" VALUES (15,29,12,'approved');
INSERT INTO "caregiver_senior_map" VALUES (16,29,7,'pending');
INSERT INTO "caregiver_senior_map" VALUES (17,29,30,'approved');
INSERT INTO "caregiver_senior_map" VALUES (18,32,31,'approved');
INSERT INTO "caregiver_senior_map" VALUES (19,32,2,'approved');
INSERT INTO "daily_health_entry" VALUES (1,11,'2025-07-25 00:00:00.000000',120.0,80.0,130.0);
INSERT INTO "daily_health_entry" VALUES (2,11,'2025-07-26 00:00:00.000000',100.0,80.0,140.0);
INSERT INTO "daily_health_entry" VALUES (3,14,'2025-07-26 00:00:00.000000',120.0,80.0,140.0);
INSERT INTO "daily_health_entry" VALUES (4,17,'2025-08-13 00:00:00.000000',10.0,10.0,10.0);
INSERT INTO "daily_health_entry" VALUES (5,19,'2025-08-13 00:00:00.000000',120.0,80.0,130.0);
INSERT INTO "daily_health_entry" VALUES (6,17,'2025-08-14 00:00:00.000000',100.0,90.0,150.0);
INSERT INTO "daily_health_entry" VALUES (7,22,'2025-08-14 00:00:00.000000',100.0,10.0,1.0);
INSERT INTO "daily_health_entry" VALUES (8,28,'2025-08-14 00:00:00.000000',100.0,70.0,130.0);
INSERT INTO "daily_health_entry" VALUES (9,12,'2025-08-16 00:00:00.000000',120.0,80.0,90.0);
INSERT INTO "daily_health_entry" VALUES (10,31,'2025-08-16 00:00:00.000000',110.0,90.0,200.0);
INSERT INTO "daily_health_entry" VALUES (11,31,'2025-08-17 00:00:00.000000',130.0,80.0,300.0);
INSERT INTO "medicine" VALUES (1,'Paracetamol 500','fever',1,'string','2025-06-26 12:05:08.153493',0,'rejected');
INSERT INTO "medicine" VALUES (2,'Dolo 600','cough',1,'string','2025-06-26 12:05:17.799546',1,NULL);
INSERT INTO "medicine" VALUES (3,'Sunpharma','TB',1,'string','2025-06-26 12:05:51.566932',1,NULL);
INSERT INTO "medicine" VALUES (4,'ABC','XYZ',1,'string','2025-06-26 12:05:59.888510',0,'rejected');
INSERT INTO "medicine" VALUES (5,'Aspirin','Headache',6,'string','2025-06-26 13:48:41.579993',1,'approved');
INSERT INTO "medicine" VALUES (11,'hahahahaha','egf8tr72ery982fhiogfhi',1,NULL,'2025-07-23 13:13:31.793431',0,'rejected');
INSERT INTO "medicine" VALUES (15,'sun','dhoop',1,NULL,'2025-07-23 16:09:43.170524',0,'rejected');
INSERT INTO "medicine" VALUES (17,'medicine','medicine',11,NULL,'2025-07-26 06:16:52.727515',0,'rejected');
INSERT INTO "medicine" VALUES (20,'med','med',11,NULL,'2025-08-11 12:37:53.650596',0,'rejected');
INSERT INTO "medicine" VALUES (21,'Ondem','vomiting',13,NULL,'2025-08-14 14:27:20.870394',0,'approved');
INSERT INTO "medicine" VALUES (22,'Dolo 500','For fever and cough',13,NULL,'2025-08-16 13:40:25.944454',0,'approved');
INSERT INTO "medicine" VALUES (23,'Azel 80 Capusle','Azel 80 Capsule is used in the treatment of cancer of the prostate gland.',13,NULL,'2025-08-16 13:41:05.511159',0,'approved');
INSERT INTO "medicine" VALUES (24,'Alex Syrup','For cough',13,NULL,'2025-08-16 13:41:31.777369',0,'approved');
INSERT INTO "medicine" VALUES (25,'Burnol Cream','For wounds',13,NULL,'2025-08-16 13:42:25.693681',0,'approved');
INSERT INTO "medicine" VALUES (26,'Betnesol Tablet','Betnesol Tablet is a steroid.',13,NULL,'2025-08-16 13:42:41.396779',0,'approved');
INSERT INTO "medicine" VALUES (27,'Herclon','Herclon 150mg Injection is used in the treatment of breast and stomach cancer. It works by killing the cancer cells by inhibiting HER2 (human epidermal growth factor receptor protein).',13,NULL,'2025-08-16 13:43:29.561247',0,'approved');
INSERT INTO "medicine" VALUES (28,'Meftal-Forte Tablet','Meftal-Forte Tablet is a combination of two medicines. It is used in the treatment of fever. It is also useful for the treatment of mild to moderate pain of various conditions like headache, body ache, and toothache.',13,NULL,'2025-08-16 13:44:02.890756',0,'approved');
INSERT INTO "medicine" VALUES (30,'Yogatel-CH 60 Tablet','Yogatel-CH 60 Tablet contains two medicines, both of which help to control high blood pressure.',32,NULL,'2025-08-16 14:02:28.862236',1,'approved');
INSERT INTO "medicine" VALUES (31,'Yakrit 300 Tablet','cold and cough',2,NULL,'2025-08-16 15:17:23.369808',1,'approved');
INSERT INTO "notifications" VALUES (1,18,17,'poke',5,'Dinner before','💊 Reminder: Take your Dinner before medicine','2025-08-13 12:37:06.988299',1);
INSERT INTO "notifications" VALUES (2,17,18,'sos',NULL,NULL,'SOS Alert! user user needs immediate assistance!','2025-08-13 12:43:51.826306',1);
INSERT INTO "notifications" VALUES (3,18,19,'poke',6,'Dinner before','💊 Reminder: Take your Dinner before medicine','2025-08-13 12:50:06.121425',0);
INSERT INTO "notifications" VALUES (4,19,18,'sos',NULL,NULL,'SOS Alert! user2 user2 needs immediate assistance!','2025-08-13 12:50:32.928797',0);
INSERT INTO "notifications" VALUES (5,18,19,'poke',6,'Dinner before','💊 Reminder: Take your Dinner before medicine','2025-08-13 13:16:49.277238',0);
INSERT INTO "notifications" VALUES (6,18,17,'poke',14,'Dinner after','💊 Reminder: Take your Dinner after medicine','2025-08-13 14:22:16.644939',1);
INSERT INTO "notifications" VALUES (7,17,18,'sos',NULL,NULL,'SOS Alert! user user needs immediate assistance!','2025-08-13 14:22:39.341395',0);
INSERT INTO "notifications" VALUES (8,17,18,'sos',NULL,NULL,'SOS Alert! user user needs immediate assistance!','2025-08-13 15:38:58.890125',1);
INSERT INTO "notifications" VALUES (9,18,19,'poke',5,'Dinner before','💊 Reminder: Take your Dinner before medicine','2025-08-13 15:40:40.068742',1);
INSERT INTO "notifications" VALUES (10,18,17,'poke',16,'Breakfast before','💊 Reminder: Take your Breakfast before medicine','2025-08-14 03:43:02.944239',0);
INSERT INTO "notifications" VALUES (11,18,19,'poke',5,'Breakfast before','💊 Reminder: Take your Breakfast before medicine','2025-08-14 03:43:10.185214',0);
INSERT INTO "notifications" VALUES (12,23,22,'poke',5,'Lunch after','💊 Reminder: Take your Lunch after medicine','2025-08-14 07:40:55.256512',1);
INSERT INTO "notifications" VALUES (13,22,23,'sos',NULL,NULL,'SOS Alert! senior citizen needs immediate assistance!','2025-08-14 07:43:55.671385',1);
INSERT INTO "notifications" VALUES (14,28,26,'sos',NULL,NULL,'SOS Alert! MS Swami needs immediate assistance!','2025-08-14 14:25:47.254153',1);
INSERT INTO "notifications" VALUES (15,12,29,'sos',NULL,NULL,'SOS Alert! Eleanor Vance needs immediate assistance!','2025-08-14 17:24:47.938234',1);
INSERT INTO "notifications" VALUES (16,12,29,'sos',NULL,NULL,'SOS Alert! Eleanor Vance needs immediate assistance!','2025-08-16 05:37:13.232071',1);
INSERT INTO "notifications" VALUES (17,29,12,'poke',18,'Dinner before','💊 Reminder: Take your Dinner before medicine','2025-08-16 10:53:15.018039',0);
INSERT INTO "notifications" VALUES (18,32,31,'poke',29,'Dinner after','💊 Reminder: Take your Dinner after medicine','2025-08-16 13:54:01.568274',1);
INSERT INTO "notifications" VALUES (19,31,32,'sos',NULL,NULL,'SOS Alert! Ram Kapoor needs immediate assistance!','2025-08-16 14:00:54.172887',1);
INSERT INTO "notifications" VALUES (20,32,31,'poke',30,'Dinner before','💊 Reminder: Take your Dinner before medicine','2025-08-16 15:12:02.221397',1);
INSERT INTO "notifications" VALUES (21,2,5,'sos',NULL,NULL,'SOS Alert! RC Cooper needs immediate assistance!','2025-08-16 15:14:23.276391',0);
INSERT INTO "notifications" VALUES (22,2,32,'sos',NULL,NULL,'SOS Alert! RC Cooper needs immediate assistance!','2025-08-16 15:14:23.293114',1);
INSERT INTO "status" VALUES (70,2,'2025-05-23 00:00:00.000000',NULL,0,NULL,0,NULL,NULL);
INSERT INTO "status" VALUES (71,2,'2025-05-24 00:00:00.000000',NULL,0,NULL,0,NULL,NULL);
INSERT INTO "status" VALUES (72,2,'2025-05-25 00:00:00.000000',NULL,0,NULL,0,NULL,NULL);
INSERT INTO "status" VALUES (73,2,'2025-05-26 00:00:00.000000',NULL,0,NULL,0,NULL,NULL);
INSERT INTO "status" VALUES (74,2,'2025-05-27 00:00:00.000000',NULL,0,NULL,0,NULL,NULL);
INSERT INTO "status" VALUES (75,2,'2025-05-28 00:00:00.000000',NULL,0,NULL,0,NULL,NULL);
INSERT INTO "status" VALUES (76,2,'2025-05-29 00:00:00.000000',NULL,0,NULL,0,NULL,NULL);
INSERT INTO "status" VALUES (77,2,'2025-05-30 00:00:00.000000',NULL,0,NULL,0,NULL,NULL);
INSERT INTO "status" VALUES (78,2,'2025-05-31 00:00:00.000000',NULL,0,NULL,0,NULL,NULL);
INSERT INTO "status" VALUES (79,2,'2025-06-01 00:00:00.000000',NULL,0,NULL,0,NULL,NULL);
INSERT INTO "status" VALUES (80,2,'2025-06-02 00:00:00.000000',NULL,0,NULL,0,NULL,NULL);
INSERT INTO "status" VALUES (81,2,'2025-06-03 00:00:00.000000',NULL,0,NULL,0,NULL,NULL);
INSERT INTO "status" VALUES (82,2,'2025-06-04 00:00:00.000000',NULL,0,NULL,0,NULL,NULL);
INSERT INTO "status" VALUES (83,2,'2025-06-05 00:00:00.000000',NULL,0,NULL,0,NULL,NULL);
INSERT INTO "status" VALUES (84,2,'2025-06-06 00:00:00.000000',NULL,0,NULL,0,NULL,NULL);
INSERT INTO "status" VALUES (85,2,'2025-06-07 00:00:00.000000',NULL,0,NULL,0,NULL,NULL);
INSERT INTO "status" VALUES (86,2,'2025-06-08 00:00:00.000000',NULL,0,NULL,0,NULL,NULL);
INSERT INTO "status" VALUES (87,2,'2025-06-09 00:00:00.000000',NULL,0,NULL,0,NULL,NULL);
INSERT INTO "status" VALUES (88,2,'2025-06-10 00:00:00.000000',NULL,0,NULL,0,NULL,NULL);
INSERT INTO "status" VALUES (89,2,'2025-06-11 00:00:00.000000',NULL,0,NULL,0,NULL,NULL);
INSERT INTO "status" VALUES (90,2,'2025-06-12 00:00:00.000000',NULL,0,NULL,0,NULL,NULL);
INSERT INTO "status" VALUES (91,2,'2025-06-13 00:00:00.000000',NULL,0,NULL,0,NULL,NULL);
INSERT INTO "status" VALUES (92,2,'2025-06-14 00:00:00.000000',NULL,0,NULL,0,NULL,NULL);
INSERT INTO "status" VALUES (93,2,'2025-06-15 00:00:00.000000',NULL,0,NULL,0,NULL,NULL);
INSERT INTO "status" VALUES (94,2,'2025-06-16 00:00:00.000000',NULL,0,NULL,0,NULL,NULL);
INSERT INTO "status" VALUES (95,2,'2025-06-17 00:00:00.000000',NULL,0,NULL,0,NULL,NULL);
INSERT INTO "status" VALUES (96,2,'2025-06-18 00:00:00.000000',NULL,0,NULL,0,NULL,NULL);
INSERT INTO "status" VALUES (97,2,'2025-06-19 00:00:00.000000',NULL,0,NULL,0,NULL,NULL);
INSERT INTO "status" VALUES (98,2,'2025-06-20 00:00:00.000000',NULL,0,NULL,0,NULL,NULL);
INSERT INTO "status" VALUES (99,2,'2025-06-21 00:00:00.000000',NULL,0,NULL,0,NULL,NULL);
INSERT INTO "status" VALUES (100,2,'2025-06-22 00:00:00.000000',NULL,0,NULL,0,NULL,NULL);
INSERT INTO "status" VALUES (101,2,'2025-06-23 00:00:00.000000',NULL,0,NULL,0,NULL,NULL);
INSERT INTO "status" VALUES (102,2,'2025-06-24 00:00:00.000000',NULL,0,NULL,0,NULL,NULL);
INSERT INTO "status" VALUES (103,2,'2025-06-25 00:00:00.000000',NULL,0,NULL,0,NULL,NULL);
INSERT INTO "status" VALUES (104,2,'2025-06-26 00:00:00.000000',NULL,0,NULL,0,NULL,NULL);
INSERT INTO "status" VALUES (105,2,'2025-06-27 00:00:00.000000',NULL,0,NULL,0,NULL,NULL);
INSERT INTO "status" VALUES (106,2,'2025-06-28 00:00:00.000000',NULL,0,NULL,0,NULL,NULL);
INSERT INTO "status" VALUES (107,2,'2025-06-29 00:00:00.000000',NULL,0,NULL,0,NULL,NULL);
INSERT INTO "status" VALUES (108,2,'2025-06-30 00:00:00.000000',NULL,0,NULL,0,NULL,NULL);
INSERT INTO "status" VALUES (109,2,'2025-07-01 00:00:00.000000',NULL,0,NULL,0,NULL,NULL);
INSERT INTO "status" VALUES (110,2,'2025-07-02 00:00:00.000000',NULL,0,NULL,0,NULL,NULL);
INSERT INTO "status" VALUES (111,2,'2025-07-03 00:00:00.000000',NULL,0,NULL,0,NULL,NULL);
INSERT INTO "status" VALUES (112,2,'2025-07-04 00:00:00.000000',NULL,0,NULL,0,NULL,NULL);
INSERT INTO "status" VALUES (113,2,'2025-07-05 00:00:00.000000',NULL,0,NULL,0,NULL,NULL);
INSERT INTO "status" VALUES (114,2,'2025-07-06 00:00:00.000000',NULL,0,NULL,0,NULL,NULL);
INSERT INTO "status" VALUES (115,2,'2025-07-07 00:00:00.000000',NULL,0,NULL,0,NULL,NULL);
INSERT INTO "status" VALUES (116,2,'2025-07-08 00:00:00.000000',NULL,0,NULL,0,NULL,NULL);
INSERT INTO "status" VALUES (117,2,'2025-07-09 00:00:00.000000',NULL,0,NULL,0,NULL,NULL);
INSERT INTO "status" VALUES (118,2,'2025-07-10 00:00:00.000000',NULL,0,NULL,0,NULL,NULL);
INSERT INTO "status" VALUES (119,2,'2025-07-11 00:00:00.000000',NULL,0,NULL,0,NULL,NULL);
INSERT INTO "status" VALUES (120,2,'2025-07-12 00:00:00.000000',NULL,0,NULL,0,NULL,NULL);
INSERT INTO "status" VALUES (121,2,'2025-07-13 00:00:00.000000',NULL,0,NULL,0,NULL,NULL);
INSERT INTO "status" VALUES (122,2,'2025-07-14 00:00:00.000000',NULL,0,NULL,0,NULL,NULL);
INSERT INTO "status" VALUES (123,2,'2025-07-15 00:00:00.000000',NULL,0,NULL,0,NULL,NULL);
INSERT INTO "status" VALUES (124,2,'2025-07-16 00:00:00.000000',NULL,0,NULL,0,NULL,NULL);
INSERT INTO "status" VALUES (125,2,'2025-07-17 00:00:00.000000',NULL,0,NULL,0,NULL,NULL);
INSERT INTO "status" VALUES (126,2,'2025-07-18 00:00:00.000000',NULL,0,NULL,0,NULL,NULL);
INSERT INTO "status" VALUES (127,2,'2025-07-19 00:00:00.000000',NULL,0,NULL,0,NULL,NULL);
INSERT INTO "status" VALUES (128,2,'2025-07-20 00:00:00.000000',NULL,0,NULL,0,NULL,NULL);
INSERT INTO "status" VALUES (129,2,'2025-07-21 00:00:00.000000',NULL,0,NULL,0,NULL,NULL);
INSERT INTO "status" VALUES (130,2,'2025-07-22 00:00:00.000000',NULL,0,NULL,0,NULL,NULL);
INSERT INTO "status" VALUES (131,2,'2025-07-23 00:00:00.000000',NULL,0,NULL,0,NULL,NULL);
INSERT INTO "status" VALUES (132,2,'2025-07-24 00:00:00.000000',NULL,0,NULL,0,NULL,NULL);
INSERT INTO "status" VALUES (133,2,'2025-07-25 00:00:00.000000',NULL,0,NULL,0,NULL,NULL);
INSERT INTO "status" VALUES (134,2,'2025-07-26 00:00:00.000000',NULL,0,NULL,0,NULL,NULL);
INSERT INTO "status" VALUES (135,2,'2025-07-27 00:00:00.000000',NULL,0,NULL,0,NULL,NULL);
INSERT INTO "status" VALUES (136,2,'2025-07-28 00:00:00.000000',NULL,0,NULL,0,NULL,NULL);
INSERT INTO "status" VALUES (137,2,'2025-07-29 00:00:00.000000',NULL,0,NULL,0,NULL,NULL);
INSERT INTO "status" VALUES (138,2,'2025-07-30 00:00:00.000000',NULL,0,NULL,0,NULL,NULL);
INSERT INTO "status" VALUES (139,3,'2025-03-24 00:00:00.000000',NULL,NULL,NULL,NULL,NULL,0);
INSERT INTO "status" VALUES (140,3,'2025-03-25 00:00:00.000000',NULL,NULL,NULL,NULL,NULL,0);
INSERT INTO "status" VALUES (141,3,'2025-03-26 00:00:00.000000',NULL,NULL,NULL,NULL,NULL,0);
INSERT INTO "status" VALUES (142,3,'2025-03-27 00:00:00.000000',NULL,NULL,NULL,NULL,NULL,0);
INSERT INTO "status" VALUES (143,3,'2025-03-28 00:00:00.000000',NULL,NULL,NULL,NULL,NULL,0);
INSERT INTO "status" VALUES (144,3,'2025-03-29 00:00:00.000000',NULL,NULL,NULL,NULL,NULL,0);
INSERT INTO "status" VALUES (145,3,'2025-03-30 00:00:00.000000',NULL,NULL,NULL,NULL,NULL,0);
INSERT INTO "status" VALUES (146,3,'2025-03-31 00:00:00.000000',NULL,NULL,NULL,NULL,NULL,0);
INSERT INTO "status" VALUES (147,3,'2025-04-01 00:00:00.000000',NULL,NULL,NULL,NULL,NULL,0);
INSERT INTO "status" VALUES (148,3,'2025-04-02 00:00:00.000000',NULL,NULL,NULL,NULL,NULL,0);
INSERT INTO "status" VALUES (149,3,'2025-04-03 00:00:00.000000',NULL,NULL,NULL,NULL,NULL,0);
INSERT INTO "status" VALUES (150,3,'2025-04-04 00:00:00.000000',NULL,NULL,NULL,NULL,NULL,0);
INSERT INTO "status" VALUES (151,3,'2025-04-05 00:00:00.000000',NULL,NULL,NULL,NULL,NULL,0);
INSERT INTO "status" VALUES (152,3,'2025-04-06 00:00:00.000000',NULL,NULL,NULL,NULL,NULL,0);
INSERT INTO "status" VALUES (153,3,'2025-04-07 00:00:00.000000',NULL,NULL,NULL,NULL,NULL,0);
INSERT INTO "status" VALUES (154,3,'2025-04-08 00:00:00.000000',NULL,NULL,NULL,NULL,NULL,0);
INSERT INTO "status" VALUES (155,3,'2025-04-09 00:00:00.000000',NULL,NULL,NULL,NULL,NULL,0);
INSERT INTO "status" VALUES (156,3,'2025-04-10 00:00:00.000000',NULL,NULL,NULL,NULL,NULL,0);
INSERT INTO "status" VALUES (157,3,'2025-04-11 00:00:00.000000',NULL,NULL,NULL,NULL,NULL,0);
INSERT INTO "status" VALUES (158,3,'2025-04-12 00:00:00.000000',NULL,NULL,NULL,NULL,NULL,0);
INSERT INTO "status" VALUES (159,3,'2025-04-13 00:00:00.000000',NULL,NULL,NULL,NULL,NULL,0);
INSERT INTO "status" VALUES (160,3,'2025-04-14 00:00:00.000000',NULL,NULL,NULL,NULL,NULL,0);
INSERT INTO "status" VALUES (161,3,'2025-04-15 00:00:00.000000',NULL,NULL,NULL,NULL,NULL,0);
INSERT INTO "status" VALUES (162,3,'2025-04-16 00:00:00.000000',NULL,NULL,NULL,NULL,NULL,0);
INSERT INTO "status" VALUES (163,3,'2025-04-17 00:00:00.000000',NULL,NULL,NULL,NULL,NULL,0);
INSERT INTO "status" VALUES (164,3,'2025-04-18 00:00:00.000000',NULL,NULL,NULL,NULL,NULL,0);
INSERT INTO "status" VALUES (165,3,'2025-04-19 00:00:00.000000',NULL,NULL,NULL,NULL,NULL,0);
INSERT INTO "status" VALUES (166,3,'2025-04-20 00:00:00.000000',NULL,NULL,NULL,NULL,NULL,0);
INSERT INTO "status" VALUES (167,3,'2025-04-21 00:00:00.000000',NULL,NULL,NULL,NULL,NULL,0);
INSERT INTO "status" VALUES (168,3,'2025-04-22 00:00:00.000000',NULL,NULL,NULL,NULL,NULL,0);
INSERT INTO "status" VALUES (169,3,'2025-04-23 00:00:00.000000',NULL,NULL,NULL,NULL,NULL,0);
INSERT INTO "status" VALUES (170,3,'2025-04-24 00:00:00.000000',NULL,NULL,NULL,NULL,NULL,0);
INSERT INTO "status" VALUES (171,3,'2025-04-25 00:00:00.000000',NULL,NULL,NULL,NULL,NULL,0);
INSERT INTO "status" VALUES (172,3,'2025-04-26 00:00:00.000000',NULL,NULL,NULL,NULL,NULL,0);
INSERT INTO "status" VALUES (173,3,'2025-04-27 00:00:00.000000',NULL,NULL,NULL,NULL,NULL,0);
INSERT INTO "status" VALUES (174,3,'2025-04-28 00:00:00.000000',NULL,NULL,NULL,NULL,NULL,0);
INSERT INTO "status" VALUES (175,3,'2025-04-29 00:00:00.000000',NULL,NULL,NULL,NULL,NULL,0);
INSERT INTO "status" VALUES (176,3,'2025-04-30 00:00:00.000000',NULL,NULL,NULL,NULL,NULL,0);
INSERT INTO "status" VALUES (177,3,'2025-05-01 00:00:00.000000',NULL,NULL,NULL,NULL,NULL,0);
INSERT INTO "status" VALUES (178,3,'2025-05-02 00:00:00.000000',NULL,NULL,NULL,NULL,NULL,0);
INSERT INTO "status" VALUES (179,3,'2025-05-03 00:00:00.000000',NULL,NULL,NULL,NULL,NULL,0);
INSERT INTO "status" VALUES (180,3,'2025-05-04 00:00:00.000000',NULL,NULL,NULL,NULL,NULL,0);
INSERT INTO "status" VALUES (181,3,'2025-05-05 00:00:00.000000',NULL,NULL,NULL,NULL,NULL,0);
INSERT INTO "status" VALUES (182,3,'2025-05-06 00:00:00.000000',NULL,NULL,NULL,NULL,NULL,0);
INSERT INTO "status" VALUES (183,3,'2025-05-07 00:00:00.000000',NULL,NULL,NULL,NULL,NULL,0);
INSERT INTO "status" VALUES (184,3,'2025-05-08 00:00:00.000000',NULL,NULL,NULL,NULL,NULL,0);
INSERT INTO "status" VALUES (185,3,'2025-05-09 00:00:00.000000',NULL,NULL,NULL,NULL,NULL,0);
INSERT INTO "status" VALUES (186,3,'2025-05-10 00:00:00.000000',NULL,NULL,NULL,NULL,NULL,0);
INSERT INTO "status" VALUES (187,3,'2025-05-11 00:00:00.000000',NULL,NULL,NULL,NULL,NULL,0);
INSERT INTO "status" VALUES (188,3,'2025-05-12 00:00:00.000000',NULL,NULL,NULL,NULL,NULL,0);
INSERT INTO "status" VALUES (189,3,'2025-05-13 00:00:00.000000',NULL,NULL,NULL,NULL,NULL,0);
INSERT INTO "status" VALUES (190,3,'2025-05-14 00:00:00.000000',NULL,NULL,NULL,NULL,NULL,0);
INSERT INTO "status" VALUES (191,3,'2025-05-15 00:00:00.000000',NULL,NULL,NULL,NULL,NULL,0);
INSERT INTO "status" VALUES (192,3,'2025-05-16 00:00:00.000000',NULL,NULL,NULL,NULL,NULL,0);
INSERT INTO "status" VALUES (193,3,'2025-05-17 00:00:00.000000',NULL,NULL,NULL,NULL,NULL,0);
INSERT INTO "status" VALUES (194,3,'2025-05-18 00:00:00.000000',NULL,NULL,NULL,NULL,NULL,0);
INSERT INTO "status" VALUES (195,3,'2025-05-19 00:00:00.000000',NULL,NULL,NULL,NULL,NULL,0);
INSERT INTO "status" VALUES (196,3,'2025-05-20 00:00:00.000000',NULL,NULL,NULL,NULL,NULL,0);
INSERT INTO "status" VALUES (197,3,'2025-05-21 00:00:00.000000',NULL,NULL,NULL,NULL,NULL,0);
INSERT INTO "status" VALUES (198,3,'2025-05-22 00:00:00.000000',NULL,NULL,NULL,NULL,NULL,0);
INSERT INTO "status" VALUES (199,3,'2025-05-23 00:00:00.000000',NULL,NULL,NULL,NULL,NULL,0);
INSERT INTO "status" VALUES (200,3,'2025-05-24 00:00:00.000000',NULL,NULL,NULL,NULL,NULL,0);
INSERT INTO "status" VALUES (201,3,'2025-05-25 00:00:00.000000',NULL,NULL,NULL,NULL,NULL,0);
INSERT INTO "status" VALUES (202,3,'2025-05-26 00:00:00.000000',NULL,NULL,NULL,NULL,NULL,0);
INSERT INTO "status" VALUES (203,3,'2025-05-27 00:00:00.000000',NULL,NULL,NULL,NULL,NULL,0);
INSERT INTO "status" VALUES (204,3,'2025-05-28 00:00:00.000000',NULL,NULL,NULL,NULL,NULL,0);
INSERT INTO "status" VALUES (205,3,'2025-05-29 00:00:00.000000',NULL,NULL,NULL,NULL,NULL,0);
INSERT INTO "status" VALUES (206,3,'2025-05-30 00:00:00.000000',NULL,NULL,NULL,NULL,NULL,0);
INSERT INTO "status" VALUES (207,3,'2025-05-31 00:00:00.000000',NULL,NULL,NULL,NULL,NULL,0);
INSERT INTO "status" VALUES (208,3,'2025-06-01 00:00:00.000000',NULL,NULL,NULL,NULL,NULL,0);
INSERT INTO "status" VALUES (209,3,'2025-06-02 00:00:00.000000',NULL,NULL,NULL,NULL,NULL,0);
INSERT INTO "status" VALUES (210,3,'2025-06-03 00:00:00.000000',NULL,NULL,NULL,NULL,NULL,0);
INSERT INTO "status" VALUES (211,3,'2025-06-04 00:00:00.000000',NULL,NULL,NULL,NULL,NULL,0);
INSERT INTO "status" VALUES (212,3,'2025-06-05 00:00:00.000000',NULL,NULL,NULL,NULL,NULL,0);
INSERT INTO "status" VALUES (213,3,'2025-06-06 00:00:00.000000',NULL,NULL,NULL,NULL,NULL,0);
INSERT INTO "status" VALUES (214,3,'2025-06-07 00:00:00.000000',NULL,NULL,NULL,NULL,NULL,0);
INSERT INTO "status" VALUES (215,3,'2025-06-08 00:00:00.000000',NULL,NULL,NULL,NULL,NULL,0);
INSERT INTO "status" VALUES (216,3,'2025-06-09 00:00:00.000000',NULL,NULL,NULL,NULL,NULL,0);
INSERT INTO "status" VALUES (217,3,'2025-06-10 00:00:00.000000',NULL,NULL,NULL,NULL,NULL,0);
INSERT INTO "status" VALUES (218,3,'2025-06-11 00:00:00.000000',NULL,NULL,NULL,NULL,NULL,0);
INSERT INTO "status" VALUES (219,3,'2025-06-12 00:00:00.000000',NULL,NULL,NULL,NULL,NULL,0);
INSERT INTO "status" VALUES (220,3,'2025-06-13 00:00:00.000000',NULL,NULL,NULL,NULL,NULL,0);
INSERT INTO "status" VALUES (221,3,'2025-06-14 00:00:00.000000',NULL,NULL,NULL,NULL,NULL,0);
INSERT INTO "status" VALUES (222,3,'2025-06-15 00:00:00.000000',NULL,NULL,NULL,NULL,NULL,0);
INSERT INTO "status" VALUES (223,3,'2025-06-16 00:00:00.000000',NULL,NULL,NULL,NULL,NULL,0);
INSERT INTO "status" VALUES (224,3,'2025-06-17 00:00:00.000000',NULL,NULL,NULL,NULL,NULL,0);
INSERT INTO "status" VALUES (225,3,'2025-06-18 00:00:00.000000',NULL,NULL,NULL,NULL,NULL,0);
INSERT INTO "status" VALUES (226,3,'2025-06-19 00:00:00.000000',NULL,NULL,NULL,NULL,NULL,0);
INSERT INTO "status" VALUES (227,3,'2025-06-20 00:00:00.000000',NULL,NULL,NULL,NULL,NULL,0);
INSERT INTO "status" VALUES (228,3,'2025-06-21 00:00:00.000000',NULL,NULL,NULL,NULL,NULL,0);
INSERT INTO "status" VALUES (229,3,'2025-06-22 00:00:00.000000',NULL,NULL,NULL,NULL,NULL,0);
INSERT INTO "status" VALUES (230,3,'2025-06-23 00:00:00.000000',NULL,NULL,NULL,NULL,NULL,0);
INSERT INTO "status" VALUES (231,3,'2025-06-24 00:00:00.000000',NULL,NULL,NULL,NULL,NULL,0);
INSERT INTO "status" VALUES (232,3,'2025-06-25 00:00:00.000000',NULL,NULL,NULL,NULL,NULL,0);
INSERT INTO "status" VALUES (233,3,'2025-06-26 00:00:00.000000',NULL,NULL,NULL,NULL,NULL,0);
INSERT INTO "status" VALUES (234,3,'2025-06-27 00:00:00.000000',NULL,NULL,NULL,NULL,NULL,0);
INSERT INTO "status" VALUES (235,3,'2025-06-28 00:00:00.000000',NULL,NULL,NULL,NULL,NULL,0);
INSERT INTO "status" VALUES (236,3,'2025-06-29 00:00:00.000000',NULL,NULL,NULL,NULL,NULL,0);
INSERT INTO "status" VALUES (237,3,'2025-06-30 00:00:00.000000',NULL,NULL,NULL,NULL,NULL,0);
INSERT INTO "status" VALUES (238,3,'2025-07-01 00:00:00.000000',NULL,NULL,NULL,NULL,NULL,0);
INSERT INTO "status" VALUES (239,3,'2025-07-02 00:00:00.000000',NULL,NULL,NULL,NULL,NULL,0);
INSERT INTO "status" VALUES (240,3,'2025-07-03 00:00:00.000000',NULL,NULL,NULL,NULL,NULL,0);
INSERT INTO "status" VALUES (241,3,'2025-07-04 00:00:00.000000',NULL,NULL,NULL,NULL,NULL,0);
INSERT INTO "status" VALUES (242,3,'2025-07-05 00:00:00.000000',NULL,NULL,NULL,NULL,NULL,0);
INSERT INTO "status" VALUES (243,3,'2025-07-06 00:00:00.000000',NULL,NULL,NULL,NULL,NULL,0);
INSERT INTO "status" VALUES (244,3,'2025-07-07 00:00:00.000000',NULL,NULL,NULL,NULL,NULL,0);
INSERT INTO "status" VALUES (245,3,'2025-07-08 00:00:00.000000',NULL,NULL,NULL,NULL,NULL,0);
INSERT INTO "status" VALUES (246,3,'2025-07-09 00:00:00.000000',NULL,NULL,NULL,NULL,NULL,0);
INSERT INTO "status" VALUES (247,3,'2025-07-10 00:00:00.000000',NULL,NULL,NULL,NULL,NULL,0);
INSERT INTO "status" VALUES (248,3,'2025-07-11 00:00:00.000000',NULL,NULL,NULL,NULL,NULL,0);
INSERT INTO "status" VALUES (249,3,'2025-07-12 00:00:00.000000',NULL,NULL,NULL,NULL,NULL,0);
INSERT INTO "status" VALUES (250,3,'2025-07-13 00:00:00.000000',NULL,NULL,NULL,NULL,NULL,0);
INSERT INTO "status" VALUES (251,3,'2025-07-14 00:00:00.000000',NULL,NULL,NULL,NULL,NULL,0);
INSERT INTO "status" VALUES (252,3,'2025-07-15 00:00:00.000000',NULL,NULL,NULL,NULL,NULL,0);
INSERT INTO "status" VALUES (253,3,'2025-07-16 00:00:00.000000',NULL,NULL,NULL,NULL,NULL,0);
INSERT INTO "status" VALUES (254,3,'2025-07-17 00:00:00.000000',NULL,NULL,NULL,NULL,NULL,0);
INSERT INTO "status" VALUES (255,3,'2025-07-18 00:00:00.000000',NULL,NULL,NULL,NULL,NULL,0);
INSERT INTO "status" VALUES (256,3,'2025-07-19 00:00:00.000000',NULL,NULL,NULL,NULL,NULL,0);
INSERT INTO "status" VALUES (257,3,'2025-07-20 00:00:00.000000',NULL,NULL,NULL,NULL,NULL,0);
INSERT INTO "status" VALUES (258,3,'2025-07-21 00:00:00.000000',NULL,NULL,NULL,NULL,NULL,0);
INSERT INTO "status" VALUES (259,3,'2025-07-22 00:00:00.000000',NULL,NULL,NULL,NULL,NULL,0);
INSERT INTO "status" VALUES (260,3,'2025-07-23 00:00:00.000000',NULL,NULL,NULL,NULL,NULL,0);
INSERT INTO "status" VALUES (261,4,'2025-03-24 00:00:00.000000',0,NULL,NULL,0,0,0);
INSERT INTO "status" VALUES (262,4,'2025-03-25 00:00:00.000000',0,NULL,NULL,0,0,0);
INSERT INTO "status" VALUES (263,4,'2025-03-26 00:00:00.000000',0,NULL,NULL,0,0,0);
INSERT INTO "status" VALUES (264,4,'2025-03-27 00:00:00.000000',0,NULL,NULL,0,0,0);
INSERT INTO "status" VALUES (265,4,'2025-03-28 00:00:00.000000',0,NULL,NULL,0,0,0);
INSERT INTO "status" VALUES (266,4,'2025-03-29 00:00:00.000000',0,NULL,NULL,0,0,0);
INSERT INTO "status" VALUES (267,4,'2025-03-30 00:00:00.000000',0,NULL,NULL,0,0,0);
INSERT INTO "status" VALUES (268,4,'2025-03-31 00:00:00.000000',0,NULL,NULL,0,0,0);
INSERT INTO "status" VALUES (269,4,'2025-04-01 00:00:00.000000',0,NULL,NULL,0,0,0);
INSERT INTO "status" VALUES (270,4,'2025-04-02 00:00:00.000000',0,NULL,NULL,0,0,0);
INSERT INTO "status" VALUES (271,4,'2025-04-03 00:00:00.000000',0,NULL,NULL,0,0,0);
INSERT INTO "status" VALUES (272,4,'2025-04-04 00:00:00.000000',0,NULL,NULL,0,0,0);
INSERT INTO "status" VALUES (273,4,'2025-04-05 00:00:00.000000',0,NULL,NULL,0,0,0);
INSERT INTO "status" VALUES (274,4,'2025-04-06 00:00:00.000000',0,NULL,NULL,0,0,0);
INSERT INTO "status" VALUES (275,4,'2025-04-07 00:00:00.000000',0,NULL,NULL,0,0,0);
INSERT INTO "status" VALUES (276,4,'2025-04-08 00:00:00.000000',0,NULL,NULL,0,0,0);
INSERT INTO "status" VALUES (277,4,'2025-04-09 00:00:00.000000',0,NULL,NULL,0,0,0);
INSERT INTO "status" VALUES (278,4,'2025-04-10 00:00:00.000000',0,NULL,NULL,0,0,0);
INSERT INTO "status" VALUES (279,4,'2025-04-11 00:00:00.000000',0,NULL,NULL,0,0,0);
INSERT INTO "status" VALUES (280,4,'2025-04-12 00:00:00.000000',0,NULL,NULL,0,0,0);
INSERT INTO "status" VALUES (281,4,'2025-04-13 00:00:00.000000',0,NULL,NULL,0,0,0);
INSERT INTO "status" VALUES (282,4,'2025-04-14 00:00:00.000000',0,NULL,NULL,0,0,0);
INSERT INTO "status" VALUES (283,4,'2025-04-15 00:00:00.000000',0,NULL,NULL,0,0,0);
INSERT INTO "status" VALUES (284,4,'2025-04-16 00:00:00.000000',0,NULL,NULL,0,0,0);
INSERT INTO "status" VALUES (285,4,'2025-04-17 00:00:00.000000',0,NULL,NULL,0,0,0);
INSERT INTO "status" VALUES (286,4,'2025-04-18 00:00:00.000000',0,NULL,NULL,0,0,0);
INSERT INTO "status" VALUES (287,4,'2025-04-19 00:00:00.000000',0,NULL,NULL,0,0,0);
INSERT INTO "status" VALUES (288,4,'2025-04-20 00:00:00.000000',0,NULL,NULL,0,0,0);
INSERT INTO "status" VALUES (289,4,'2025-04-21 00:00:00.000000',0,NULL,NULL,0,0,0);
INSERT INTO "status" VALUES (290,4,'2025-04-22 00:00:00.000000',0,NULL,NULL,0,0,0);
INSERT INTO "status" VALUES (291,4,'2025-04-23 00:00:00.000000',0,NULL,NULL,0,0,0);
INSERT INTO "status" VALUES (292,4,'2025-04-24 00:00:00.000000',0,NULL,NULL,0,0,0);
INSERT INTO "status" VALUES (293,4,'2025-04-25 00:00:00.000000',0,NULL,NULL,0,0,0);
INSERT INTO "status" VALUES (294,4,'2025-04-26 00:00:00.000000',0,NULL,NULL,0,0,0);
INSERT INTO "status" VALUES (295,4,'2025-04-27 00:00:00.000000',0,NULL,NULL,0,0,0);
INSERT INTO "status" VALUES (296,4,'2025-04-28 00:00:00.000000',0,NULL,NULL,0,0,0);
INSERT INTO "status" VALUES (297,4,'2025-04-29 00:00:00.000000',0,NULL,NULL,0,0,0);
INSERT INTO "status" VALUES (298,4,'2025-04-30 00:00:00.000000',0,NULL,NULL,0,0,0);
INSERT INTO "status" VALUES (299,4,'2025-05-01 00:00:00.000000',0,NULL,NULL,0,0,0);
INSERT INTO "status" VALUES (300,4,'2025-05-02 00:00:00.000000',0,NULL,NULL,0,0,0);
INSERT INTO "status" VALUES (301,4,'2025-05-03 00:00:00.000000',0,NULL,NULL,0,0,0);
INSERT INTO "status" VALUES (302,4,'2025-05-04 00:00:00.000000',0,NULL,NULL,0,0,0);
INSERT INTO "status" VALUES (303,4,'2025-05-05 00:00:00.000000',0,NULL,NULL,0,0,0);
INSERT INTO "status" VALUES (304,4,'2025-05-06 00:00:00.000000',0,NULL,NULL,0,0,0);
INSERT INTO "status" VALUES (305,4,'2025-05-07 00:00:00.000000',0,NULL,NULL,0,0,0);
INSERT INTO "status" VALUES (306,4,'2025-05-08 00:00:00.000000',0,NULL,NULL,0,0,0);
INSERT INTO "status" VALUES (307,4,'2025-05-09 00:00:00.000000',0,NULL,NULL,0,0,0);
INSERT INTO "status" VALUES (308,4,'2025-05-10 00:00:00.000000',0,NULL,NULL,0,0,0);
INSERT INTO "status" VALUES (309,4,'2025-05-11 00:00:00.000000',0,NULL,NULL,0,0,0);
INSERT INTO "status" VALUES (310,4,'2025-05-12 00:00:00.000000',0,NULL,NULL,0,0,0);
INSERT INTO "status" VALUES (311,4,'2025-05-13 00:00:00.000000',0,NULL,NULL,0,0,0);
INSERT INTO "status" VALUES (312,4,'2025-05-14 00:00:00.000000',0,NULL,NULL,0,0,0);
INSERT INTO "status" VALUES (313,4,'2025-05-15 00:00:00.000000',0,NULL,NULL,0,0,0);
INSERT INTO "status" VALUES (314,4,'2025-05-16 00:00:00.000000',0,NULL,NULL,0,0,0);
INSERT INTO "status" VALUES (315,4,'2025-05-17 00:00:00.000000',0,NULL,NULL,0,0,0);
INSERT INTO "status" VALUES (316,4,'2025-05-18 00:00:00.000000',0,NULL,NULL,0,0,0);
INSERT INTO "status" VALUES (317,4,'2025-05-19 00:00:00.000000',0,NULL,NULL,0,0,0);
INSERT INTO "status" VALUES (318,4,'2025-05-20 00:00:00.000000',0,NULL,NULL,0,0,0);
INSERT INTO "status" VALUES (319,4,'2025-05-21 00:00:00.000000',0,NULL,NULL,0,0,0);
INSERT INTO "status" VALUES (320,4,'2025-05-22 00:00:00.000000',0,NULL,NULL,0,0,0);
INSERT INTO "status" VALUES (321,4,'2025-05-23 00:00:00.000000',0,NULL,NULL,0,0,0);
INSERT INTO "status" VALUES (322,4,'2025-05-24 00:00:00.000000',0,NULL,NULL,0,0,0);
INSERT INTO "status" VALUES (323,4,'2025-05-25 00:00:00.000000',0,NULL,NULL,0,0,0);
INSERT INTO "status" VALUES (324,4,'2025-05-26 00:00:00.000000',0,NULL,NULL,0,0,0);
INSERT INTO "status" VALUES (325,4,'2025-05-27 00:00:00.000000',0,NULL,NULL,0,0,0);
INSERT INTO "status" VALUES (326,4,'2025-05-28 00:00:00.000000',0,NULL,NULL,0,0,0);
INSERT INTO "status" VALUES (327,4,'2025-05-29 00:00:00.000000',0,NULL,NULL,0,0,0);
INSERT INTO "status" VALUES (328,4,'2025-05-30 00:00:00.000000',0,NULL,NULL,0,0,0);
INSERT INTO "status" VALUES (329,4,'2025-05-31 00:00:00.000000',0,NULL,NULL,0,0,0);
INSERT INTO "status" VALUES (330,4,'2025-06-01 00:00:00.000000',0,NULL,NULL,0,0,0);
INSERT INTO "status" VALUES (331,4,'2025-06-02 00:00:00.000000',0,NULL,NULL,0,0,0);
INSERT INTO "status" VALUES (332,4,'2025-06-03 00:00:00.000000',0,NULL,NULL,0,0,0);
INSERT INTO "status" VALUES (333,4,'2025-06-04 00:00:00.000000',0,NULL,NULL,0,0,0);
INSERT INTO "status" VALUES (334,4,'2025-06-05 00:00:00.000000',0,NULL,NULL,0,0,0);
INSERT INTO "status" VALUES (335,4,'2025-06-06 00:00:00.000000',0,NULL,NULL,0,0,0);
INSERT INTO "status" VALUES (336,4,'2025-06-07 00:00:00.000000',0,NULL,NULL,0,0,0);
INSERT INTO "status" VALUES (337,4,'2025-06-08 00:00:00.000000',0,NULL,NULL,0,0,0);
INSERT INTO "status" VALUES (338,4,'2025-06-09 00:00:00.000000',0,NULL,NULL,0,0,0);
INSERT INTO "status" VALUES (339,4,'2025-06-10 00:00:00.000000',0,NULL,NULL,0,0,0);
INSERT INTO "status" VALUES (340,4,'2025-06-11 00:00:00.000000',0,NULL,NULL,0,0,0);
INSERT INTO "status" VALUES (341,4,'2025-06-12 00:00:00.000000',0,NULL,NULL,0,0,0);
INSERT INTO "status" VALUES (342,4,'2025-06-13 00:00:00.000000',0,NULL,NULL,0,0,0);
INSERT INTO "status" VALUES (343,4,'2025-06-14 00:00:00.000000',0,NULL,NULL,0,0,0);
INSERT INTO "status" VALUES (344,4,'2025-06-15 00:00:00.000000',0,NULL,NULL,0,0,0);
INSERT INTO "status" VALUES (345,4,'2025-06-16 00:00:00.000000',0,NULL,NULL,0,0,0);
INSERT INTO "status" VALUES (346,4,'2025-06-17 00:00:00.000000',0,NULL,NULL,0,0,0);
INSERT INTO "status" VALUES (347,4,'2025-06-18 00:00:00.000000',0,NULL,NULL,0,0,0);
INSERT INTO "status" VALUES (348,4,'2025-06-19 00:00:00.000000',0,NULL,NULL,0,0,0);
INSERT INTO "status" VALUES (349,4,'2025-06-20 00:00:00.000000',0,NULL,NULL,0,0,0);
INSERT INTO "status" VALUES (350,4,'2025-06-21 00:00:00.000000',0,NULL,NULL,0,0,0);
INSERT INTO "status" VALUES (351,4,'2025-06-22 00:00:00.000000',0,NULL,NULL,0,0,0);
INSERT INTO "status" VALUES (352,4,'2025-06-23 00:00:00.000000',0,NULL,NULL,0,0,0);
INSERT INTO "status" VALUES (353,4,'2025-06-24 00:00:00.000000',0,NULL,NULL,0,0,0);
INSERT INTO "status" VALUES (354,4,'2025-06-25 00:00:00.000000',0,NULL,NULL,0,0,0);
INSERT INTO "status" VALUES (355,4,'2025-06-26 00:00:00.000000',0,NULL,NULL,0,0,0);
INSERT INTO "status" VALUES (356,4,'2025-06-27 00:00:00.000000',0,NULL,NULL,0,0,0);
INSERT INTO "status" VALUES (357,4,'2025-06-28 00:00:00.000000',0,NULL,NULL,0,0,0);
INSERT INTO "status" VALUES (358,4,'2025-06-29 00:00:00.000000',0,NULL,NULL,0,0,0);
INSERT INTO "status" VALUES (359,4,'2025-06-30 00:00:00.000000',0,NULL,NULL,0,0,0);
INSERT INTO "status" VALUES (360,4,'2025-07-01 00:00:00.000000',0,NULL,NULL,0,0,0);
INSERT INTO "status" VALUES (361,4,'2025-07-02 00:00:00.000000',0,NULL,NULL,0,0,0);
INSERT INTO "status" VALUES (362,4,'2025-07-03 00:00:00.000000',0,NULL,NULL,0,0,0);
INSERT INTO "status" VALUES (363,4,'2025-07-04 00:00:00.000000',0,NULL,NULL,0,0,0);
INSERT INTO "status" VALUES (364,4,'2025-07-05 00:00:00.000000',0,NULL,NULL,0,0,0);
INSERT INTO "status" VALUES (365,4,'2025-07-06 00:00:00.000000',0,NULL,NULL,0,0,0);
INSERT INTO "status" VALUES (366,4,'2025-07-07 00:00:00.000000',0,NULL,NULL,0,0,0);
INSERT INTO "status" VALUES (367,4,'2025-07-08 00:00:00.000000',0,NULL,NULL,0,0,0);
INSERT INTO "status" VALUES (368,4,'2025-07-09 00:00:00.000000',0,NULL,NULL,0,0,0);
INSERT INTO "status" VALUES (369,4,'2025-07-10 00:00:00.000000',0,NULL,NULL,0,0,0);
INSERT INTO "status" VALUES (370,4,'2025-07-11 00:00:00.000000',0,NULL,NULL,0,0,0);
INSERT INTO "status" VALUES (371,4,'2025-07-12 00:00:00.000000',0,NULL,NULL,0,0,0);
INSERT INTO "status" VALUES (372,4,'2025-07-13 00:00:00.000000',0,NULL,NULL,0,0,0);
INSERT INTO "status" VALUES (373,4,'2025-07-14 00:00:00.000000',0,NULL,NULL,0,0,0);
INSERT INTO "status" VALUES (374,4,'2025-07-15 00:00:00.000000',0,NULL,NULL,0,0,0);
INSERT INTO "status" VALUES (375,4,'2025-07-16 00:00:00.000000',0,NULL,NULL,0,0,0);
INSERT INTO "status" VALUES (376,4,'2025-07-17 00:00:00.000000',0,NULL,NULL,0,0,0);
INSERT INTO "status" VALUES (377,4,'2025-07-18 00:00:00.000000',0,NULL,NULL,0,0,0);
INSERT INTO "status" VALUES (378,4,'2025-07-19 00:00:00.000000',0,NULL,NULL,0,0,0);
INSERT INTO "status" VALUES (379,4,'2025-07-20 00:00:00.000000',0,NULL,NULL,0,0,0);
INSERT INTO "status" VALUES (380,4,'2025-07-21 00:00:00.000000',0,NULL,NULL,0,0,0);
INSERT INTO "status" VALUES (381,4,'2025-07-22 00:00:00.000000',0,NULL,NULL,0,0,0);
INSERT INTO "status" VALUES (382,4,'2025-07-23 00:00:00.000000',0,NULL,NULL,0,0,0);
INSERT INTO "status" VALUES (383,5,'2025-03-24 00:00:00.000000',0,NULL,NULL,0,0,0);
INSERT INTO "status" VALUES (384,5,'2025-03-25 00:00:00.000000',0,NULL,NULL,0,0,0);
INSERT INTO "status" VALUES (385,5,'2025-03-26 00:00:00.000000',0,NULL,NULL,0,0,0);
INSERT INTO "status" VALUES (386,5,'2025-03-27 00:00:00.000000',0,NULL,NULL,0,0,0);
INSERT INTO "status" VALUES (387,5,'2025-03-28 00:00:00.000000',0,NULL,NULL,0,0,0);
INSERT INTO "status" VALUES (388,5,'2025-03-29 00:00:00.000000',0,NULL,NULL,0,0,0);
INSERT INTO "status" VALUES (389,5,'2025-03-30 00:00:00.000000',0,NULL,NULL,0,0,0);
INSERT INTO "status" VALUES (390,5,'2025-03-31 00:00:00.000000',0,NULL,NULL,0,0,0);
INSERT INTO "status" VALUES (391,5,'2025-04-01 00:00:00.000000',0,NULL,NULL,0,0,0);
INSERT INTO "status" VALUES (392,5,'2025-04-02 00:00:00.000000',0,NULL,NULL,0,0,0);
INSERT INTO "status" VALUES (393,5,'2025-04-03 00:00:00.000000',0,NULL,NULL,0,0,0);
INSERT INTO "status" VALUES (394,5,'2025-04-04 00:00:00.000000',0,NULL,NULL,0,0,0);
INSERT INTO "status" VALUES (395,5,'2025-04-05 00:00:00.000000',0,NULL,NULL,0,0,0);
INSERT INTO "status" VALUES (396,5,'2025-04-06 00:00:00.000000',0,NULL,NULL,0,0,0);
INSERT INTO "status" VALUES (397,5,'2025-04-07 00:00:00.000000',0,NULL,NULL,0,0,0);
INSERT INTO "status" VALUES (398,5,'2025-04-08 00:00:00.000000',0,NULL,NULL,0,0,0);
INSERT INTO "status" VALUES (399,5,'2025-04-09 00:00:00.000000',0,NULL,NULL,0,0,0);
INSERT INTO "status" VALUES (400,5,'2025-04-10 00:00:00.000000',0,NULL,NULL,0,0,0);
INSERT INTO "status" VALUES (401,5,'2025-04-11 00:00:00.000000',0,NULL,NULL,0,0,0);
INSERT INTO "status" VALUES (402,5,'2025-04-12 00:00:00.000000',0,NULL,NULL,0,0,0);
INSERT INTO "status" VALUES (403,5,'2025-04-13 00:00:00.000000',0,NULL,NULL,0,0,0);
INSERT INTO "status" VALUES (404,5,'2025-04-14 00:00:00.000000',0,NULL,NULL,0,0,0);
INSERT INTO "status" VALUES (405,5,'2025-04-15 00:00:00.000000',0,NULL,NULL,0,0,0);
INSERT INTO "status" VALUES (406,5,'2025-04-16 00:00:00.000000',0,NULL,NULL,0,0,0);
INSERT INTO "status" VALUES (407,5,'2025-04-17 00:00:00.000000',0,NULL,NULL,0,0,0);
INSERT INTO "status" VALUES (408,5,'2025-04-18 00:00:00.000000',0,NULL,NULL,0,0,0);
INSERT INTO "status" VALUES (409,5,'2025-04-19 00:00:00.000000',0,NULL,NULL,0,0,0);
INSERT INTO "status" VALUES (410,5,'2025-04-20 00:00:00.000000',0,NULL,NULL,0,0,0);
INSERT INTO "status" VALUES (411,5,'2025-04-21 00:00:00.000000',0,NULL,NULL,0,0,0);
INSERT INTO "status" VALUES (412,5,'2025-04-22 00:00:00.000000',0,NULL,NULL,0,0,0);
INSERT INTO "status" VALUES (413,5,'2025-04-23 00:00:00.000000',0,NULL,NULL,0,0,0);
INSERT INTO "status" VALUES (414,5,'2025-04-24 00:00:00.000000',0,NULL,NULL,0,0,0);
INSERT INTO "status" VALUES (415,5,'2025-04-25 00:00:00.000000',0,NULL,NULL,0,0,0);
INSERT INTO "status" VALUES (416,5,'2025-04-26 00:00:00.000000',0,NULL,NULL,0,0,0);
INSERT INTO "status" VALUES (417,5,'2025-04-27 00:00:00.000000',0,NULL,NULL,0,0,0);
INSERT INTO "status" VALUES (418,5,'2025-04-28 00:00:00.000000',0,NULL,NULL,0,0,0);
INSERT INTO "status" VALUES (419,5,'2025-04-29 00:00:00.000000',0,NULL,NULL,0,0,0);
INSERT INTO "status" VALUES (420,5,'2025-04-30 00:00:00.000000',0,NULL,NULL,0,0,0);
INSERT INTO "status" VALUES (421,5,'2025-05-01 00:00:00.000000',0,NULL,NULL,0,0,0);
INSERT INTO "status" VALUES (422,5,'2025-05-02 00:00:00.000000',0,NULL,NULL,0,0,0);
INSERT INTO "status" VALUES (423,5,'2025-05-03 00:00:00.000000',0,NULL,NULL,0,0,0);
INSERT INTO "status" VALUES (424,5,'2025-05-04 00:00:00.000000',0,NULL,NULL,0,0,0);
INSERT INTO "status" VALUES (425,5,'2025-05-05 00:00:00.000000',0,NULL,NULL,0,0,0);
INSERT INTO "status" VALUES (426,5,'2025-05-06 00:00:00.000000',0,NULL,NULL,0,0,0);
INSERT INTO "status" VALUES (427,5,'2025-05-07 00:00:00.000000',0,NULL,NULL,0,0,0);
INSERT INTO "status" VALUES (428,5,'2025-05-08 00:00:00.000000',0,NULL,NULL,0,0,0);
INSERT INTO "status" VALUES (429,5,'2025-05-09 00:00:00.000000',0,NULL,NULL,0,0,0);
INSERT INTO "status" VALUES (430,5,'2025-05-10 00:00:00.000000',0,NULL,NULL,0,0,0);
INSERT INTO "status" VALUES (431,5,'2025-05-11 00:00:00.000000',0,NULL,NULL,0,0,0);
INSERT INTO "status" VALUES (432,5,'2025-05-12 00:00:00.000000',0,NULL,NULL,0,0,0);
INSERT INTO "status" VALUES (433,5,'2025-05-13 00:00:00.000000',0,NULL,NULL,0,0,0);
INSERT INTO "status" VALUES (434,5,'2025-05-14 00:00:00.000000',0,NULL,NULL,0,0,0);
INSERT INTO "status" VALUES (435,5,'2025-05-15 00:00:00.000000',0,NULL,NULL,0,0,0);
INSERT INTO "status" VALUES (436,5,'2025-05-16 00:00:00.000000',0,NULL,NULL,0,0,0);
INSERT INTO "status" VALUES (437,5,'2025-05-17 00:00:00.000000',0,NULL,NULL,0,0,0);
INSERT INTO "status" VALUES (438,5,'2025-05-18 00:00:00.000000',0,NULL,NULL,0,0,0);
INSERT INTO "status" VALUES (439,5,'2025-05-19 00:00:00.000000',0,NULL,NULL,0,0,0);
INSERT INTO "status" VALUES (440,5,'2025-05-20 00:00:00.000000',0,NULL,NULL,0,0,0);
INSERT INTO "status" VALUES (441,5,'2025-05-21 00:00:00.000000',0,NULL,NULL,0,0,0);
INSERT INTO "status" VALUES (442,5,'2025-05-22 00:00:00.000000',0,NULL,NULL,0,0,0);
INSERT INTO "status" VALUES (443,5,'2025-05-23 00:00:00.000000',0,NULL,NULL,0,0,0);
INSERT INTO "status" VALUES (444,5,'2025-05-24 00:00:00.000000',0,NULL,NULL,0,0,0);
INSERT INTO "status" VALUES (445,5,'2025-05-25 00:00:00.000000',0,NULL,NULL,0,0,0);
INSERT INTO "status" VALUES (446,5,'2025-05-26 00:00:00.000000',0,NULL,NULL,0,0,0);
INSERT INTO "status" VALUES (447,5,'2025-05-27 00:00:00.000000',0,NULL,NULL,0,0,0);
INSERT INTO "status" VALUES (448,5,'2025-05-28 00:00:00.000000',0,NULL,NULL,0,0,0);
INSERT INTO "status" VALUES (449,5,'2025-05-29 00:00:00.000000',0,NULL,NULL,0,0,0);
INSERT INTO "status" VALUES (450,5,'2025-05-30 00:00:00.000000',0,NULL,NULL,0,0,0);
INSERT INTO "status" VALUES (451,5,'2025-05-31 00:00:00.000000',0,NULL,NULL,0,0,0);
INSERT INTO "status" VALUES (452,5,'2025-06-01 00:00:00.000000',0,NULL,NULL,0,0,0);
INSERT INTO "status" VALUES (453,5,'2025-06-02 00:00:00.000000',0,NULL,NULL,0,0,0);
INSERT INTO "status" VALUES (454,5,'2025-06-03 00:00:00.000000',0,NULL,NULL,0,0,0);
INSERT INTO "status" VALUES (455,5,'2025-06-04 00:00:00.000000',0,NULL,NULL,0,0,0);
INSERT INTO "status" VALUES (456,5,'2025-06-05 00:00:00.000000',0,NULL,NULL,0,0,0);
INSERT INTO "status" VALUES (457,5,'2025-06-06 00:00:00.000000',0,NULL,NULL,0,0,0);
INSERT INTO "status" VALUES (458,5,'2025-06-07 00:00:00.000000',0,NULL,NULL,0,0,0);
INSERT INTO "status" VALUES (459,5,'2025-06-08 00:00:00.000000',0,NULL,NULL,0,0,0);
INSERT INTO "status" VALUES (460,5,'2025-06-09 00:00:00.000000',0,NULL,NULL,0,0,0);
INSERT INTO "status" VALUES (461,5,'2025-06-10 00:00:00.000000',0,NULL,NULL,0,0,0);
INSERT INTO "status" VALUES (462,5,'2025-06-11 00:00:00.000000',0,NULL,NULL,0,0,0);
INSERT INTO "status" VALUES (463,5,'2025-06-12 00:00:00.000000',0,NULL,NULL,0,0,0);
INSERT INTO "status" VALUES (464,5,'2025-06-13 00:00:00.000000',0,NULL,NULL,0,0,0);
INSERT INTO "status" VALUES (465,5,'2025-06-14 00:00:00.000000',0,NULL,NULL,0,0,0);
INSERT INTO "status" VALUES (466,5,'2025-06-15 00:00:00.000000',0,NULL,NULL,0,0,0);
INSERT INTO "status" VALUES (467,5,'2025-06-16 00:00:00.000000',0,NULL,NULL,0,0,0);
INSERT INTO "status" VALUES (468,5,'2025-06-17 00:00:00.000000',0,NULL,NULL,0,0,0);
INSERT INTO "status" VALUES (469,5,'2025-06-18 00:00:00.000000',0,NULL,NULL,0,0,0);
INSERT INTO "status" VALUES (470,5,'2025-06-19 00:00:00.000000',0,NULL,NULL,0,0,0);
INSERT INTO "status" VALUES (471,5,'2025-06-20 00:00:00.000000',0,NULL,NULL,0,0,0);
INSERT INTO "status" VALUES (472,5,'2025-06-21 00:00:00.000000',0,NULL,NULL,0,0,0);
INSERT INTO "status" VALUES (473,5,'2025-06-22 00:00:00.000000',0,NULL,NULL,0,0,0);
INSERT INTO "status" VALUES (474,5,'2025-06-23 00:00:00.000000',0,NULL,NULL,0,0,0);
INSERT INTO "status" VALUES (475,5,'2025-06-24 00:00:00.000000',0,NULL,NULL,0,0,0);
INSERT INTO "status" VALUES (476,5,'2025-06-25 00:00:00.000000',0,NULL,NULL,0,0,0);
INSERT INTO "status" VALUES (477,5,'2025-06-26 00:00:00.000000',0,NULL,NULL,0,0,0);
INSERT INTO "status" VALUES (478,5,'2025-06-27 00:00:00.000000',0,NULL,NULL,0,0,0);
INSERT INTO "status" VALUES (479,5,'2025-06-28 00:00:00.000000',0,NULL,NULL,0,0,0);
INSERT INTO "status" VALUES (480,5,'2025-06-29 00:00:00.000000',0,NULL,NULL,0,0,0);
INSERT INTO "status" VALUES (481,5,'2025-06-30 00:00:00.000000',0,NULL,NULL,0,0,0);
INSERT INTO "status" VALUES (482,5,'2025-07-01 00:00:00.000000',0,NULL,NULL,0,0,0);
INSERT INTO "status" VALUES (483,5,'2025-07-02 00:00:00.000000',0,NULL,NULL,0,0,0);
INSERT INTO "status" VALUES (484,5,'2025-07-03 00:00:00.000000',0,NULL,NULL,0,0,0);
INSERT INTO "status" VALUES (485,5,'2025-07-04 00:00:00.000000',0,NULL,NULL,0,0,0);
INSERT INTO "status" VALUES (486,5,'2025-07-05 00:00:00.000000',0,NULL,NULL,0,0,0);
INSERT INTO "status" VALUES (487,5,'2025-07-06 00:00:00.000000',0,NULL,NULL,0,0,0);
INSERT INTO "status" VALUES (488,5,'2025-07-07 00:00:00.000000',0,NULL,NULL,0,0,0);
INSERT INTO "status" VALUES (489,5,'2025-07-08 00:00:00.000000',0,NULL,NULL,0,0,0);
INSERT INTO "status" VALUES (490,5,'2025-07-09 00:00:00.000000',0,NULL,NULL,0,0,0);
INSERT INTO "status" VALUES (491,5,'2025-07-10 00:00:00.000000',0,NULL,NULL,0,0,0);
INSERT INTO "status" VALUES (492,5,'2025-07-11 00:00:00.000000',0,NULL,NULL,0,0,0);
INSERT INTO "status" VALUES (493,5,'2025-07-12 00:00:00.000000',0,NULL,NULL,0,0,0);
INSERT INTO "status" VALUES (494,5,'2025-07-13 00:00:00.000000',0,NULL,NULL,0,0,0);
INSERT INTO "status" VALUES (495,5,'2025-07-14 00:00:00.000000',0,NULL,NULL,0,0,0);
INSERT INTO "status" VALUES (496,5,'2025-07-15 00:00:00.000000',0,NULL,NULL,0,0,0);
INSERT INTO "status" VALUES (497,5,'2025-07-16 00:00:00.000000',0,NULL,NULL,0,0,0);
INSERT INTO "status" VALUES (498,5,'2025-07-17 00:00:00.000000',0,NULL,NULL,0,0,0);
INSERT INTO "status" VALUES (499,5,'2025-07-18 00:00:00.000000',0,NULL,NULL,0,0,0);
INSERT INTO "status" VALUES (500,5,'2025-07-19 00:00:00.000000',0,NULL,NULL,0,0,0);
INSERT INTO "status" VALUES (501,5,'2025-07-20 00:00:00.000000',0,NULL,NULL,0,0,0);
INSERT INTO "status" VALUES (502,5,'2025-07-21 00:00:00.000000',0,NULL,NULL,0,0,0);
INSERT INTO "status" VALUES (503,5,'2025-07-22 00:00:00.000000',0,NULL,NULL,0,0,0);
INSERT INTO "status" VALUES (504,5,'2025-07-23 00:00:00.000000',0,NULL,NULL,0,0,0);
INSERT INTO "status" VALUES (505,6,'2025-03-24 00:00:00.000000',NULL,0,NULL,NULL,NULL,0);
INSERT INTO "status" VALUES (506,6,'2025-03-25 00:00:00.000000',NULL,0,NULL,NULL,NULL,0);
INSERT INTO "status" VALUES (507,6,'2025-03-26 00:00:00.000000',NULL,0,NULL,NULL,NULL,0);
INSERT INTO "status" VALUES (508,6,'2025-03-27 00:00:00.000000',NULL,0,NULL,NULL,NULL,0);
INSERT INTO "status" VALUES (509,6,'2025-03-28 00:00:00.000000',NULL,0,NULL,NULL,NULL,0);
INSERT INTO "status" VALUES (510,6,'2025-03-29 00:00:00.000000',NULL,0,NULL,NULL,NULL,0);
INSERT INTO "status" VALUES (511,6,'2025-03-30 00:00:00.000000',NULL,0,NULL,NULL,NULL,0);
INSERT INTO "status" VALUES (512,6,'2025-03-31 00:00:00.000000',NULL,0,NULL,NULL,NULL,0);
INSERT INTO "status" VALUES (513,6,'2025-04-01 00:00:00.000000',NULL,0,NULL,NULL,NULL,0);
INSERT INTO "status" VALUES (514,6,'2025-04-02 00:00:00.000000',NULL,0,NULL,NULL,NULL,0);
INSERT INTO "status" VALUES (515,6,'2025-04-03 00:00:00.000000',NULL,0,NULL,NULL,NULL,0);
INSERT INTO "status" VALUES (516,6,'2025-04-04 00:00:00.000000',NULL,0,NULL,NULL,NULL,0);
INSERT INTO "status" VALUES (517,6,'2025-04-05 00:00:00.000000',NULL,0,NULL,NULL,NULL,0);
INSERT INTO "status" VALUES (518,6,'2025-04-06 00:00:00.000000',NULL,0,NULL,NULL,NULL,0);
INSERT INTO "status" VALUES (519,6,'2025-04-07 00:00:00.000000',NULL,0,NULL,NULL,NULL,0);
INSERT INTO "status" VALUES (520,6,'2025-04-08 00:00:00.000000',NULL,0,NULL,NULL,NULL,0);
INSERT INTO "status" VALUES (521,6,'2025-04-09 00:00:00.000000',NULL,0,NULL,NULL,NULL,0);
INSERT INTO "status" VALUES (522,6,'2025-04-10 00:00:00.000000',NULL,0,NULL,NULL,NULL,0);
INSERT INTO "status" VALUES (523,6,'2025-04-11 00:00:00.000000',NULL,0,NULL,NULL,NULL,0);
INSERT INTO "status" VALUES (524,6,'2025-04-12 00:00:00.000000',NULL,0,NULL,NULL,NULL,0);
INSERT INTO "status" VALUES (525,6,'2025-04-13 00:00:00.000000',NULL,0,NULL,NULL,NULL,0);
INSERT INTO "status" VALUES (526,6,'2025-04-14 00:00:00.000000',NULL,0,NULL,NULL,NULL,0);
INSERT INTO "status" VALUES (527,6,'2025-04-15 00:00:00.000000',NULL,0,NULL,NULL,NULL,0);
INSERT INTO "status" VALUES (528,6,'2025-04-16 00:00:00.000000',NULL,0,NULL,NULL,NULL,0);
INSERT INTO "status" VALUES (529,6,'2025-04-17 00:00:00.000000',NULL,0,NULL,NULL,NULL,0);
INSERT INTO "status" VALUES (530,6,'2025-04-18 00:00:00.000000',NULL,0,NULL,NULL,NULL,0);
INSERT INTO "status" VALUES (531,6,'2025-04-19 00:00:00.000000',NULL,0,NULL,NULL,NULL,0);
INSERT INTO "status" VALUES (532,6,'2025-04-20 00:00:00.000000',NULL,0,NULL,NULL,NULL,0);
INSERT INTO "status" VALUES (533,6,'2025-04-21 00:00:00.000000',NULL,0,NULL,NULL,NULL,0);
INSERT INTO "status" VALUES (534,6,'2025-04-22 00:00:00.000000',NULL,0,NULL,NULL,NULL,0);
INSERT INTO "status" VALUES (535,6,'2025-04-23 00:00:00.000000',NULL,0,NULL,NULL,NULL,0);
INSERT INTO "status" VALUES (536,6,'2025-04-24 00:00:00.000000',NULL,0,NULL,NULL,NULL,0);
INSERT INTO "status" VALUES (537,6,'2025-04-25 00:00:00.000000',NULL,0,NULL,NULL,NULL,0);
INSERT INTO "status" VALUES (538,6,'2025-04-26 00:00:00.000000',NULL,0,NULL,NULL,NULL,0);
INSERT INTO "status" VALUES (539,6,'2025-04-27 00:00:00.000000',NULL,0,NULL,NULL,NULL,0);
INSERT INTO "status" VALUES (540,6,'2025-04-28 00:00:00.000000',NULL,0,NULL,NULL,NULL,0);
INSERT INTO "status" VALUES (541,6,'2025-04-29 00:00:00.000000',NULL,0,NULL,NULL,NULL,0);
INSERT INTO "status" VALUES (542,6,'2025-04-30 00:00:00.000000',NULL,0,NULL,NULL,NULL,0);
INSERT INTO "status" VALUES (543,6,'2025-05-01 00:00:00.000000',NULL,0,NULL,NULL,NULL,0);
INSERT INTO "status" VALUES (544,6,'2025-05-02 00:00:00.000000',NULL,0,NULL,NULL,NULL,0);
INSERT INTO "status" VALUES (545,6,'2025-05-03 00:00:00.000000',NULL,0,NULL,NULL,NULL,0);
INSERT INTO "status" VALUES (546,6,'2025-05-04 00:00:00.000000',NULL,0,NULL,NULL,NULL,0);
INSERT INTO "status" VALUES (547,6,'2025-05-05 00:00:00.000000',NULL,0,NULL,NULL,NULL,0);
INSERT INTO "status" VALUES (548,6,'2025-05-06 00:00:00.000000',NULL,0,NULL,NULL,NULL,0);
INSERT INTO "status" VALUES (549,6,'2025-05-07 00:00:00.000000',NULL,0,NULL,NULL,NULL,0);
INSERT INTO "status" VALUES (550,6,'2025-05-08 00:00:00.000000',NULL,0,NULL,NULL,NULL,0);
INSERT INTO "status" VALUES (551,6,'2025-05-09 00:00:00.000000',NULL,0,NULL,NULL,NULL,0);
INSERT INTO "status" VALUES (552,6,'2025-05-10 00:00:00.000000',NULL,0,NULL,NULL,NULL,0);
INSERT INTO "status" VALUES (553,6,'2025-05-11 00:00:00.000000',NULL,0,NULL,NULL,NULL,0);
INSERT INTO "status" VALUES (554,6,'2025-05-12 00:00:00.000000',NULL,0,NULL,NULL,NULL,0);
INSERT INTO "status" VALUES (555,6,'2025-05-13 00:00:00.000000',NULL,0,NULL,NULL,NULL,0);
INSERT INTO "status" VALUES (556,6,'2025-05-14 00:00:00.000000',NULL,0,NULL,NULL,NULL,0);
INSERT INTO "status" VALUES (557,6,'2025-05-15 00:00:00.000000',NULL,0,NULL,NULL,NULL,0);
INSERT INTO "status" VALUES (558,6,'2025-05-16 00:00:00.000000',NULL,0,NULL,NULL,NULL,0);
INSERT INTO "status" VALUES (559,6,'2025-05-17 00:00:00.000000',NULL,0,NULL,NULL,NULL,0);
INSERT INTO "status" VALUES (560,6,'2025-05-18 00:00:00.000000',NULL,0,NULL,NULL,NULL,0);
INSERT INTO "status" VALUES (561,6,'2025-05-19 00:00:00.000000',NULL,0,NULL,NULL,NULL,0);
INSERT INTO "status" VALUES (562,6,'2025-05-20 00:00:00.000000',NULL,0,NULL,NULL,NULL,0);
INSERT INTO "status" VALUES (563,6,'2025-05-21 00:00:00.000000',NULL,0,NULL,NULL,NULL,0);
INSERT INTO "status" VALUES (564,6,'2025-05-22 00:00:00.000000',NULL,0,NULL,NULL,NULL,0);
INSERT INTO "status" VALUES (565,6,'2025-05-23 00:00:00.000000',NULL,0,NULL,NULL,NULL,0);
INSERT INTO "status" VALUES (566,6,'2025-05-24 00:00:00.000000',NULL,0,NULL,NULL,NULL,0);
INSERT INTO "status" VALUES (567,6,'2025-05-25 00:00:00.000000',NULL,0,NULL,NULL,NULL,0);
INSERT INTO "status" VALUES (568,6,'2025-05-26 00:00:00.000000',NULL,0,NULL,NULL,NULL,0);
INSERT INTO "status" VALUES (569,6,'2025-05-27 00:00:00.000000',NULL,0,NULL,NULL,NULL,0);
INSERT INTO "status" VALUES (570,6,'2025-05-28 00:00:00.000000',NULL,0,NULL,NULL,NULL,0);
INSERT INTO "status" VALUES (571,6,'2025-05-29 00:00:00.000000',NULL,0,NULL,NULL,NULL,0);
INSERT INTO "status" VALUES (572,6,'2025-05-30 00:00:00.000000',NULL,0,NULL,NULL,NULL,0);
INSERT INTO "status" VALUES (573,6,'2025-05-31 00:00:00.000000',NULL,0,NULL,NULL,NULL,0);
INSERT INTO "status" VALUES (574,6,'2025-06-01 00:00:00.000000',NULL,0,NULL,NULL,NULL,0);
INSERT INTO "status" VALUES (575,6,'2025-06-02 00:00:00.000000',NULL,0,NULL,NULL,NULL,0);
INSERT INTO "status" VALUES (576,6,'2025-06-03 00:00:00.000000',NULL,0,NULL,NULL,NULL,0);
INSERT INTO "status" VALUES (577,6,'2025-06-04 00:00:00.000000',NULL,0,NULL,NULL,NULL,0);
INSERT INTO "status" VALUES (578,6,'2025-06-05 00:00:00.000000',NULL,0,NULL,NULL,NULL,0);
INSERT INTO "status" VALUES (579,6,'2025-06-06 00:00:00.000000',NULL,0,NULL,NULL,NULL,0);
INSERT INTO "status" VALUES (580,6,'2025-06-07 00:00:00.000000',NULL,0,NULL,NULL,NULL,0);
INSERT INTO "status" VALUES (581,6,'2025-06-08 00:00:00.000000',NULL,0,NULL,NULL,NULL,0);
INSERT INTO "status" VALUES (582,6,'2025-06-09 00:00:00.000000',NULL,0,NULL,NULL,NULL,0);
INSERT INTO "status" VALUES (583,6,'2025-06-10 00:00:00.000000',NULL,0,NULL,NULL,NULL,0);
INSERT INTO "status" VALUES (584,6,'2025-06-11 00:00:00.000000',NULL,0,NULL,NULL,NULL,0);
INSERT INTO "status" VALUES (585,6,'2025-06-12 00:00:00.000000',NULL,0,NULL,NULL,NULL,0);
INSERT INTO "status" VALUES (586,6,'2025-06-13 00:00:00.000000',NULL,0,NULL,NULL,NULL,0);
INSERT INTO "status" VALUES (587,6,'2025-06-14 00:00:00.000000',NULL,0,NULL,NULL,NULL,0);
INSERT INTO "status" VALUES (588,6,'2025-06-15 00:00:00.000000',NULL,0,NULL,NULL,NULL,0);
INSERT INTO "status" VALUES (589,6,'2025-06-16 00:00:00.000000',NULL,0,NULL,NULL,NULL,0);
INSERT INTO "status" VALUES (590,6,'2025-06-17 00:00:00.000000',NULL,0,NULL,NULL,NULL,0);
INSERT INTO "status" VALUES (591,6,'2025-06-18 00:00:00.000000',NULL,0,NULL,NULL,NULL,0);
INSERT INTO "status" VALUES (592,6,'2025-06-19 00:00:00.000000',NULL,0,NULL,NULL,NULL,0);
INSERT INTO "status" VALUES (593,6,'2025-06-20 00:00:00.000000',NULL,0,NULL,NULL,NULL,0);
INSERT INTO "status" VALUES (594,6,'2025-06-21 00:00:00.000000',NULL,0,NULL,NULL,NULL,0);
INSERT INTO "status" VALUES (595,6,'2025-06-22 00:00:00.000000',NULL,0,NULL,NULL,NULL,0);
INSERT INTO "status" VALUES (596,6,'2025-06-23 00:00:00.000000',NULL,0,NULL,NULL,NULL,0);
INSERT INTO "status" VALUES (597,6,'2025-06-24 00:00:00.000000',NULL,0,NULL,NULL,NULL,0);
INSERT INTO "status" VALUES (598,6,'2025-06-25 00:00:00.000000',NULL,0,NULL,NULL,NULL,0);
INSERT INTO "status" VALUES (599,6,'2025-06-26 00:00:00.000000',NULL,0,NULL,NULL,NULL,0);
INSERT INTO "status" VALUES (600,6,'2025-06-27 00:00:00.000000',NULL,0,NULL,NULL,NULL,0);
INSERT INTO "status" VALUES (601,6,'2025-06-28 00:00:00.000000',NULL,0,NULL,NULL,NULL,0);
INSERT INTO "status" VALUES (602,6,'2025-06-29 00:00:00.000000',NULL,0,NULL,NULL,NULL,0);
INSERT INTO "status" VALUES (603,6,'2025-06-30 00:00:00.000000',NULL,0,NULL,NULL,NULL,0);
INSERT INTO "status" VALUES (604,6,'2025-07-01 00:00:00.000000',NULL,0,NULL,NULL,NULL,0);
INSERT INTO "status" VALUES (605,6,'2025-07-02 00:00:00.000000',NULL,0,NULL,NULL,NULL,0);
INSERT INTO "status" VALUES (606,6,'2025-07-03 00:00:00.000000',NULL,0,NULL,NULL,NULL,0);
INSERT INTO "status" VALUES (607,6,'2025-07-04 00:00:00.000000',NULL,0,NULL,NULL,NULL,0);
INSERT INTO "status" VALUES (608,6,'2025-07-05 00:00:00.000000',NULL,0,NULL,NULL,NULL,0);
INSERT INTO "status" VALUES (609,6,'2025-07-06 00:00:00.000000',NULL,0,NULL,NULL,NULL,0);
INSERT INTO "status" VALUES (610,6,'2025-07-07 00:00:00.000000',NULL,0,NULL,NULL,NULL,0);
INSERT INTO "status" VALUES (611,6,'2025-07-08 00:00:00.000000',NULL,0,NULL,NULL,NULL,0);
INSERT INTO "status" VALUES (612,6,'2025-07-09 00:00:00.000000',NULL,0,NULL,NULL,NULL,0);
INSERT INTO "status" VALUES (613,6,'2025-07-10 00:00:00.000000',NULL,0,NULL,NULL,NULL,0);
INSERT INTO "status" VALUES (614,6,'2025-07-11 00:00:00.000000',NULL,0,NULL,NULL,NULL,0);
INSERT INTO "status" VALUES (615,6,'2025-07-12 00:00:00.000000',NULL,0,NULL,NULL,NULL,0);
INSERT INTO "status" VALUES (616,6,'2025-07-13 00:00:00.000000',NULL,0,NULL,NULL,NULL,0);
INSERT INTO "status" VALUES (617,6,'2025-07-14 00:00:00.000000',NULL,0,NULL,NULL,NULL,0);
INSERT INTO "status" VALUES (618,6,'2025-07-15 00:00:00.000000',NULL,0,NULL,NULL,NULL,0);
INSERT INTO "status" VALUES (619,6,'2025-07-16 00:00:00.000000',NULL,0,NULL,NULL,NULL,0);
INSERT INTO "status" VALUES (620,6,'2025-07-17 00:00:00.000000',NULL,0,NULL,NULL,NULL,0);
INSERT INTO "status" VALUES (621,6,'2025-07-18 00:00:00.000000',NULL,0,NULL,NULL,NULL,0);
INSERT INTO "status" VALUES (622,6,'2025-07-19 00:00:00.000000',NULL,0,NULL,NULL,NULL,0);
INSERT INTO "status" VALUES (623,6,'2025-07-20 00:00:00.000000',NULL,0,NULL,NULL,NULL,0);
INSERT INTO "status" VALUES (624,6,'2025-07-21 00:00:00.000000',NULL,0,NULL,NULL,NULL,0);
INSERT INTO "status" VALUES (625,6,'2025-07-22 00:00:00.000000',NULL,0,NULL,NULL,NULL,0);
INSERT INTO "status" VALUES (626,6,'2025-07-23 00:00:00.000000',NULL,0,NULL,NULL,NULL,0);
INSERT INTO "status" VALUES (644,13,'2025-07-26 00:00:00.000000',1,NULL,0,NULL,NULL,NULL);
INSERT INTO "status" VALUES (645,13,'2025-07-27 00:00:00.000000',0,NULL,0,NULL,NULL,NULL);
INSERT INTO "status" VALUES (646,13,'2025-07-28 00:00:00.000000',0,NULL,0,NULL,NULL,NULL);
INSERT INTO "status" VALUES (647,13,'2025-07-29 00:00:00.000000',0,NULL,0,NULL,NULL,NULL);
INSERT INTO "status" VALUES (648,13,'2025-07-30 00:00:00.000000',0,NULL,0,NULL,NULL,NULL);
INSERT INTO "status" VALUES (649,13,'2025-07-31 00:00:00.000000',0,NULL,0,NULL,NULL,NULL);
INSERT INTO "status" VALUES (668,17,'2025-08-06 00:00:00.000000',0,NULL,0,NULL,0,NULL);
INSERT INTO "status" VALUES (669,17,'2025-08-07 00:00:00.000000',0,NULL,0,NULL,0,NULL);
INSERT INTO "status" VALUES (670,17,'2025-08-08 00:00:00.000000',0,NULL,0,NULL,0,NULL);
INSERT INTO "status" VALUES (671,17,'2025-08-09 00:00:00.000000',0,NULL,1,NULL,0,NULL);
INSERT INTO "status" VALUES (672,17,'2025-08-10 00:00:00.000000',0,NULL,0,NULL,0,NULL);
INSERT INTO "status" VALUES (673,17,'2025-08-11 00:00:00.000000',0,NULL,0,NULL,0,NULL);
INSERT INTO "status" VALUES (674,17,'2025-08-12 00:00:00.000000',0,NULL,0,NULL,1,NULL);
INSERT INTO "status" VALUES (675,17,'2025-08-13 00:00:00.000000',1,NULL,0,NULL,0,NULL);
INSERT INTO "status" VALUES (676,17,'2025-08-14 00:00:00.000000',0,NULL,0,NULL,0,NULL);
INSERT INTO "status" VALUES (677,17,'2025-08-15 00:00:00.000000',0,NULL,0,NULL,0,NULL);
INSERT INTO "status" VALUES (678,17,'2025-08-16 00:00:00.000000',0,NULL,0,NULL,0,NULL);
INSERT INTO "status" VALUES (679,17,'2025-08-17 00:00:00.000000',0,NULL,0,NULL,0,NULL);
INSERT INTO "status" VALUES (680,17,'2025-08-18 00:00:00.000000',0,NULL,0,NULL,0,NULL);
INSERT INTO "status" VALUES (681,17,'2025-08-19 00:00:00.000000',0,NULL,0,NULL,0,NULL);
INSERT INTO "status" VALUES (682,17,'2025-08-20 00:00:00.000000',0,NULL,0,NULL,0,NULL);
INSERT INTO "status" VALUES (683,17,'2025-08-21 00:00:00.000000',0,NULL,0,NULL,0,NULL);
INSERT INTO "status" VALUES (684,17,'2025-08-22 00:00:00.000000',0,NULL,0,NULL,0,NULL);
INSERT INTO "status" VALUES (685,17,'2025-08-23 00:00:00.000000',0,NULL,0,NULL,0,NULL);
INSERT INTO "status" VALUES (686,17,'2025-08-24 00:00:00.000000',0,NULL,0,NULL,0,NULL);
INSERT INTO "status" VALUES (687,17,'2025-08-25 00:00:00.000000',0,NULL,0,NULL,0,NULL);
INSERT INTO "status" VALUES (688,17,'2025-08-26 00:00:00.000000',0,NULL,0,NULL,0,NULL);
INSERT INTO "status" VALUES (689,18,'2025-08-05 00:00:00.000000',0,NULL,0,NULL,0,NULL);
INSERT INTO "status" VALUES (690,18,'2025-08-06 00:00:00.000000',0,NULL,0,NULL,0,NULL);
INSERT INTO "status" VALUES (691,19,'2025-08-05 00:00:00.000000',0,NULL,0,NULL,0,NULL);
INSERT INTO "status" VALUES (692,19,'2025-08-06 00:00:00.000000',1,NULL,0,NULL,0,NULL);
INSERT INTO "status" VALUES (693,20,'2025-08-09 00:00:00.000000',0,NULL,0,NULL,0,NULL);
INSERT INTO "status" VALUES (694,20,'2025-08-10 00:00:00.000000',0,NULL,0,NULL,0,NULL);
INSERT INTO "status" VALUES (695,20,'2025-08-11 00:00:00.000000',0,NULL,0,NULL,0,NULL);
INSERT INTO "status" VALUES (696,20,'2025-08-12 00:00:00.000000',0,NULL,0,NULL,0,NULL);
INSERT INTO "status" VALUES (697,20,'2025-08-13 00:00:00.000000',0,NULL,0,NULL,0,NULL);
INSERT INTO "status" VALUES (698,20,'2025-08-14 00:00:00.000000',0,NULL,0,NULL,0,NULL);
INSERT INTO "status" VALUES (699,20,'2025-08-15 00:00:00.000000',0,NULL,0,NULL,0,NULL);
INSERT INTO "status" VALUES (704,22,'2025-08-13 00:00:00.000000',1,NULL,1,NULL,1,NULL);
INSERT INTO "status" VALUES (705,22,'2025-08-14 00:00:00.000000',NULL,0,NULL,0,0,NULL);
INSERT INTO "status" VALUES (706,22,'2025-08-15 00:00:00.000000',NULL,0,NULL,0,0,NULL);
INSERT INTO "status" VALUES (707,22,'2025-08-16 00:00:00.000000',NULL,0,NULL,0,0,NULL);
INSERT INTO "status" VALUES (708,22,'2025-08-17 00:00:00.000000',NULL,0,NULL,0,0,NULL);
INSERT INTO "status" VALUES (709,22,'2025-08-18 00:00:00.000000',NULL,0,NULL,0,0,NULL);
INSERT INTO "status" VALUES (729,25,'2025-08-13 00:00:00.000000',0,0,0,0,0,0);
INSERT INTO "status" VALUES (730,25,'2025-08-14 00:00:00.000000',0,0,0,0,0,0);
INSERT INTO "status" VALUES (731,25,'2025-08-15 00:00:00.000000',0,0,0,0,0,0);
INSERT INTO "status" VALUES (732,25,'2025-08-16 00:00:00.000000',0,0,0,0,0,0);
INSERT INTO "status" VALUES (733,25,'2025-08-17 00:00:00.000000',0,0,0,0,0,0);
INSERT INTO "status" VALUES (734,25,'2025-08-18 00:00:00.000000',0,0,0,0,0,0);
INSERT INTO "status" VALUES (735,25,'2025-08-19 00:00:00.000000',0,0,0,0,0,0);
INSERT INTO "status" VALUES (736,25,'2025-08-20 00:00:00.000000',0,0,0,0,0,0);
INSERT INTO "status" VALUES (737,25,'2025-08-21 00:00:00.000000',0,0,0,0,0,0);
INSERT INTO "status" VALUES (798,36,'2025-08-14 00:00:00.000000',NULL,NULL,0,NULL,0,NULL);
INSERT INTO "status" VALUES (799,37,'2025-08-14 00:00:00.000000',NULL,0,NULL,NULL,NULL,0);
INSERT INTO "status" VALUES (800,38,'2025-08-14 00:00:00.000000',NULL,NULL,0,NULL,NULL,1);
INSERT INTO "status" VALUES (801,40,'2025-08-14 00:00:00.000000',NULL,NULL,NULL,NULL,NULL,1);
INSERT INTO "status" VALUES (802,40,'2025-08-15 00:00:00.000000',NULL,NULL,NULL,NULL,NULL,0);
INSERT INTO "status" VALUES (803,40,'2025-08-16 00:00:00.000000',NULL,NULL,NULL,NULL,NULL,0);
INSERT INTO "status" VALUES (806,43,'2025-08-16 00:00:00.000000',NULL,NULL,NULL,NULL,0,NULL);
INSERT INTO "status" VALUES (808,45,'2025-08-16 00:00:00.000000',1,NULL,NULL,1,NULL,NULL);
INSERT INTO "status" VALUES (809,46,'2025-08-16 00:00:00.000000',0,NULL,NULL,0,NULL,NULL);
INSERT INTO "status" VALUES (810,47,'2025-08-16 00:00:00.000000',NULL,NULL,1,NULL,1,NULL);
INSERT INTO "status" VALUES (811,48,'2025-08-16 00:00:00.000000',NULL,0,NULL,NULL,0,NULL);
INSERT INTO "status" VALUES (812,45,'2025-08-17 00:00:00.000000',1,NULL,NULL,0,NULL,NULL);
INSERT INTO "status" VALUES (813,46,'2025-08-17 00:00:00.000000',0,NULL,NULL,1,NULL,NULL);
INSERT INTO "status" VALUES (814,47,'2025-08-17 00:00:00.000000',NULL,NULL,0,NULL,1,NULL);
INSERT INTO "status" VALUES (815,48,'2025-08-17 00:00:00.000000',NULL,1,NULL,NULL,0,NULL);
INSERT INTO "status" VALUES (816,49,'2025-08-17 00:00:00.000000',1,NULL,NULL,NULL,0,NULL);
INSERT INTO "user_med_map" VALUES (2,1,2,'2','2025-05-23','2025-07-30',0,1,0,1,0,0);
INSERT INTO "user_med_map" VALUES (3,2,2,'0','2025-03-24','2025-07-23',0,0,0,0,0,1);
INSERT INTO "user_med_map" VALUES (4,3,3,'2','2025-03-24','2025-07-23',1,0,0,1,1,1);
INSERT INTO "user_med_map" VALUES (5,3,2,'2','2025-03-24','2025-07-23',1,0,0,1,1,1);
INSERT INTO "user_med_map" VALUES (6,4,2,'2','2025-03-24','2025-07-23',0,1,0,0,0,1);
INSERT INTO "user_med_map" VALUES (8,5,7,'1 pill','2025-07-23','2025-07-31',1,0,0,0,0,0);
INSERT INTO "user_med_map" VALUES (13,5,14,'10','2025-07-26','2025-07-31',1,0,1,0,0,0);
INSERT INTO "user_med_map" VALUES (17,5,11,'1','2025-08-06','2025-08-26',1,0,1,0,1,0);
INSERT INTO "user_med_map" VALUES (18,1,11,'1','2025-08-05','2025-08-06',1,0,1,0,1,0);
INSERT INTO "user_med_map" VALUES (19,1,10,'1','2025-08-05','2025-08-06',1,0,1,0,1,0);
INSERT INTO "user_med_map" VALUES (20,5,11,'2','2025-08-09','2025-08-15',1,0,1,0,1,0);
INSERT INTO "user_med_map" VALUES (22,5,17,'2 pill','2025-08-13','2025-08-18',0,1,0,1,1,0);
INSERT INTO "user_med_map" VALUES (25,5,19,'1 pill','2025-08-13','2025-08-21',1,1,1,1,1,1);
INSERT INTO "user_med_map" VALUES (36,5,24,'1 pill','2025-08-14','2025-09-13',0,0,1,0,1,0);
INSERT INTO "user_med_map" VALUES (37,5,27,'1 pill','2025-08-14','2025-09-05',1,0,0,0,0,1);
INSERT INTO "user_med_map" VALUES (38,5,28,'1 pill','2025-08-14','2025-08-30',0,0,1,0,0,1);
INSERT INTO "user_med_map" VALUES (40,5,12,'2 pills','2025-08-14','2025-09-13',0,0,0,0,0,1);
INSERT INTO "user_med_map" VALUES (43,21,12,'50 mg','2025-08-16','2025-09-15',0,0,0,0,1,0);
INSERT INTO "user_med_map" VALUES (45,22,31,'1 pill','2025-08-16','2025-09-25',1,0,0,1,0,0);
INSERT INTO "user_med_map" VALUES (46,23,31,'1 pill','2025-08-16','2025-08-31',1,0,0,1,0,0);
INSERT INTO "user_med_map" VALUES (47,27,31,'10 mg','2025-08-16','2025-09-15',0,0,1,0,1,0);
INSERT INTO "user_med_map" VALUES (48,30,31,'1 pill','2025-08-16','2025-08-31',0,1,0,0,1,0);
INSERT INTO "user_med_map" VALUES (49,5,31,'1 pill','2025-08-16','2025-09-15',1,0,0,0,1,0);
INSERT INTO "user_med_map" VALUES (50,31,2,'1 pill','2025-08-22','2025-09-21',1,0,0,0,0,0);
INSERT INTO "users" VALUES (1,'Yuvraj','Singh','yuvi','care_giver','string','scrypt:32768:8:1$s7bgvn0NpqiRJ4oE$2dda20397a5e26cd4a774a82ba41a338878ba358cd7c69bc0a20b369e93ead84fc895079964f15527d9f637b2a02c628435ede184a1cb53cc789023f2a569b2d','2025-06-26 11:41:12.121212',NULL);
INSERT INTO "users" VALUES (2,'RC','Cooper','rc21','senior_citizen','string','scrypt:32768:8:1$vM0nSl4KSWGh9Irr$fefef77a0831fe58ff7877b1a4e7bfc14b2ce2ca630f3c6f31acab29e35ed344c444220423bbe04228d3a6c37d24861be9ae8899da5a0d9690fc6636d12fa2de','2025-06-26 12:01:25.726716',NULL);
INSERT INTO "users" VALUES (3,'Amit','Pandey','amit','senior_citizen','string','scrypt:32768:8:1$uYZDBNrWlclyoSDA$16fd355463f5a2a4b6a2175cb5db2e8cc441b8fa311dc413a0847f10ed85985e9c44b3e716d33411365b1f3dcccff1f4429e9b57266af6339c5635b132f05239','2025-06-26 12:01:47.384250',NULL);
INSERT INTO "users" VALUES (4,'Karan','S','kar','care_giver','string','scrypt:32768:8:1$Jr2rISZKT8YKGcG4$e6680d6319abe73e5925fae16d3ddcc3394a4277cf222c9c1182f6045b083ae5ac6f7accfac9022165dce922ecb1c233b46bedc71676ceb8149d1f846a3d7645','2025-06-26 12:02:07.051745',NULL);
INSERT INTO "users" VALUES (5,'Karan','S','karan','care_giver','string','scrypt:32768:8:1$PjoQnhmg3L08jEfL$c5d2ab6d70e85f7f313e165331faf89d134ddfbab2be6228d78bc61f448137b1d6d5b012be75e0e43dadb9c2859b3ed4be82057e3bd70fe9e697d53da83a64eb','2025-06-26 12:03:17.881862',NULL);
INSERT INTO "users" VALUES (6,'Anurag','Mondal','anu','admin','string','scrypt:32768:8:1$IzHtajWQan7NHHBO$fed911c0a556c9f04d40aa24f3306631a0e3970f4e84f7b54e94bf5c0fd1c1f728c82a4fa80b9548d0f9a659544c34f3caa9ad41f359776c61e85b78756fb100','2025-06-26 13:40:25.148699',NULL);
INSERT INTO "users" VALUES (7,'Vaijyanti','mallick','vaj','senior_citizen','string','scrypt:32768:8:1$LO9uKD0v13QE9Ljf$9b6b8e6068d2657aa09b8c7b5e7ccab9ee9a62e6a6027f3ae13500a5097bf2ff5da6a9829af0cbc45361e2a6867cdb3d6165a452aaa5a8b968fef5aafb477a1f','2025-06-29 07:16:57.261562',NULL);
INSERT INTO "users" VALUES (8,'string12','string12','string12','care_giver','string','scrypt:32768:8:1$PSuWTO9yCcRVhoMi$b48543997069dc95c65bf6b81701a14d1b00ce688bf29c95887044d7675657f60ffa1ecbfcba2e2f7bf5e65362349760f8ceb97e9bead4ade175f2290a931488','2025-06-29 15:58:27.706382',NULL);
INSERT INTO "users" VALUES (9,'Anu','Singh','anu21','senior_citizen','string','scrypt:32768:8:1$K7Itz8tXpytwZ1rX$49b7728ddce49d6af3c68ba487aa1da6819a2a1ddd7e302e0e2f64f463d52e5003d4d0a63c2c39e8431e21d7f667538ae42d595aaf8fede8123312fc43c22e96','2025-06-29 16:45:58.770916','');
INSERT INTO "users" VALUES (10,'string','string','string','senior_citizen',NULL,'scrypt:32768:8:1$RcOq0WW243ezrZZN$6bd1ba46118309222bb2b9539fc2aae5a79c1b15cece67aa1d0bc335ef8f83e537725cad5e1ae67e99c6f178fc9f8685ad3bfe749f4e761216dfced1fb21f6b9','2025-07-15 05:51:19.953976',NULL);
INSERT INTO "users" VALUES (11,'str','str','str','senior_citizen',NULL,'scrypt:32768:8:1$MUr8fSj2oUiyYd3c$801f1830591773547708e405717c900ffa4eca5910304c81ad93b36ab7ed358398b24544108a8ddc82524430eb457fbd51728a5764e3eae15853017aca10f432','2025-07-15 05:54:54.878536',NULL);
INSERT INTO "users" VALUES (12,'Eleanor','Vance','Eleanor1505','senior_citizen',NULL,'scrypt:32768:8:1$ZNQFk2O73baeBlC8$522d2f8277fd027e91ad525234b5268d7b13f1759b8fc3f607d5e41811a0e52244c6b51293d284e3aaf274c5ffa70648fa279ad1938285d76f3052b3776e12c8','2025-07-15 16:46:55.645863',NULL);
INSERT INTO "users" VALUES (13,'Admin','Admin','admin','admin',NULL,'scrypt:32768:8:1$IdAsZ4mr6MWpV9UP$5251b468729c9723d9e307256c6bd4ef83980074d284e266aadb4ff9a0390c5d944728436626ed86755afd532c0c9a56ae95fadc0ee537a26b6dcff6217382ed','2025-07-21 14:14:07.482822',NULL);
INSERT INTO "users" VALUES (14,'string1','string1','string1','senior_citizen',NULL,'scrypt:32768:8:1$LZpIde4rsp7LzVDc$cfd1700eb3f51fc8a69a9248fd51855e9a1482e9b8440d654128e8b56716bf9bade0d56567fd5d3614db7e78131262b6ad82383d74c2db5acc6df6f1c97fddfb','2025-07-24 07:36:49.258849',NULL);
INSERT INTO "users" VALUES (15,'honey','singh','honey','care_giver',NULL,'scrypt:32768:8:1$ACvGZ7ke9Eu7BgB0$909fc2a7a8515449bb9b728f6c87af9182d12092fa26e100dc53c131285ea65aaedf21c071bbda5d80a839625b16f9ef9e460c6ca96f889ae43465c577bb752f','2025-07-25 11:12:31.715397',NULL);
INSERT INTO "users" VALUES (16,'Kanti','Devi','kanti','senior_citizen',NULL,'scrypt:32768:8:1$QmWx1xt1M0XpBcFs$98f221279ef1842fd41799b856b14547778054081e77015546a9572ee337ae27f4caeeafe13f06637aa69fe7b80b78c1536d48b2aed7f2f207ca4cd7ee89df3c','2025-07-25 12:09:20.125771',NULL);
INSERT INTO "users" VALUES (17,'user','user','user','senior_citizen',NULL,'scrypt:32768:8:1$wBsDNKvD2WvzI7PB$8cb77f6e7f8ae483febf972fc44621e0e0293a9a80c99d09f6001fe651d837a90d144239072272232f9e8be23c3b04eb5f22381ac0ec0ad824ee85ca5105aaf7','2025-08-13 03:38:20.643007',NULL);
INSERT INTO "users" VALUES (18,'user1','user1','user1','care_giver',NULL,'scrypt:32768:8:1$SeUjBHNcQF7fn6uG$af8877379935834badf1564cca2879ae4f2246f278d76d461323ba9d431a358e9c232cf5b6086eec9e46f0e3d2e63bc86df697f022295224d314bb9ad1796fdb','2025-08-13 05:30:53.064950',NULL);
INSERT INTO "users" VALUES (19,'user2','user2','user2','senior_citizen',NULL,'scrypt:32768:8:1$165b2lrt7pL7ihrf$024cae17fd611dee0d84247955e3160e6e1c3f22812d4ae1049f1a06965e8066be9b355efc13dee5dad5fb533b7da2cba899ada50c856b50340144938f1efc62','2025-08-13 07:53:15.751897',NULL);
INSERT INTO "users" VALUES (20,'user3','user3','user3','senior_citizen',NULL,'scrypt:32768:8:1$k8FhscY2BTWy5uFm$fdea4938acfd44db81018037defc138505bd4ba8ecc0c7822e2540f493babffaa1180fdc96e0fa0506b5ac4acecdc110e7bbf15142e849dcf0591e665a0cae5c','2025-08-13 12:52:43.868976',NULL);
INSERT INTO "users" VALUES (21,'user4','user4','user4','senior_citizen',NULL,'scrypt:32768:8:1$hhctcRExqzoasHi4$8d4b4564e078270a6eb049ac7e5080a5caf8154341163ac8f50ffa5d08c12c0e9762c0e2adc43e74ca73373f6700b83b9d5d3cbe1cba158451c0509ace227346','2025-08-13 13:23:02.430842',NULL);
INSERT INTO "users" VALUES (22,'senior','citizen','senior','senior_citizen',NULL,'scrypt:32768:8:1$bfQjyMDUtPhZcjeS$2f1fcfc00dbc1a69202029643b8ce808c68691fafc0951d6728489d44aa81142d0502b738d13b59fce5f230f166e9642ed44b315fd27efb19199510658213cb7','2025-08-14 07:34:17.341035',NULL);
INSERT INTO "users" VALUES (23,'care','giver','caregiver','care_giver',NULL,'scrypt:32768:8:1$CIgvPkQn262Q6O3p$48eab554ed335dd187c491c10ef3e839e2c0e1d29eff5e0afbb00ba2a642fa4ce1a4f699856046e2a060780e45199d500bd5fc3ce5726633c806718f23d5d11e','2025-08-14 07:36:01.193741',NULL);
INSERT INTO "users" VALUES (24,'senior','citizen','senior1','senior_citizen',NULL,'scrypt:32768:8:1$UWY8OeaJB90o8NAf$6cd89996d64479ccd0ca334a0f1de3af37550fde46bea4360da66327f1216dbdfadad799fb074f9f31b6dbc0f8e60c4e2100423df8758fdf052ceeca862de7ff','2025-08-14 13:05:30.545799',NULL);
INSERT INTO "users" VALUES (25,'care','giver1','caregiver1','care_giver',NULL,'scrypt:32768:8:1$PPXM9UbATGlzLiRS$454e5a484085bbc06bf3dfd26a35ba142e41e35813161027b55c96e06d6ac5fb36bdde22afca01130cb8ffabf4a428febfa26fdc22df640308933a5ad5ee62c3','2025-08-14 13:06:23.910105',NULL);
INSERT INTO "users" VALUES (26,'Chris','Wokes','chris_wokes','care_giver',NULL,'scrypt:32768:8:1$pkzacL9jxlCqtlIz$9f108acd1702b3fbe57fdedb9cf8b0bf7f60f45a9ef4b8eb9859542976396bc3589d740988383fbfea136de9b61c827f97756b6cc99fcc401ad1e7341bbad1f0','2025-08-14 14:13:06.710818',NULL);
INSERT INTO "users" VALUES (27,'Adam','Smith','adam','senior_citizen',NULL,'scrypt:32768:8:1$7ldiDZduOL104WZd$aa7bfb9b49159ac0cc530b5815cc7025ec8272f34e13105a537f3a689a6ccfe36368591d124c55ef1d44f857346c6e2f13449521b9f560150e06d72b48b303a4','2025-08-14 14:14:22.046930',NULL);
INSERT INTO "users" VALUES (28,'MS','Swami','mss','senior_citizen',NULL,'scrypt:32768:8:1$71Se0FwWunG4xIJ6$26ddc6d5509c9169e0c988842a76648c5d91719dc4255f81f2ed844b2d818cd5fd0d6039d776a0f6585743608833ad011cdaa9a4d5809e34401fc8b9c6768932','2025-08-14 14:20:19.176501',NULL);
INSERT INTO "users" VALUES (29,'Vj','M','Vj111','care_giver',NULL,'scrypt:32768:8:1$AGO6itBLDGyh4fHJ$806f475950cc5c0329ed9503779a204c87f9ade43b5e549ba78164b0423aad8ebf03f48a36a27419b66653e63e95da1681ac99e9203dba53f0bc90c0d265c5ac','2025-08-14 16:48:17.108186',NULL);
INSERT INTO "users" VALUES (30,'AM','123','am123','senior_citizen',NULL,'scrypt:32768:8:1$a8Jyotav6IdxAlrI$db107d90eadd407f83df8894cf5c52ac8c484c1e39e4df8bc5a5493c5d1d96ae61eb48a7849a6a9c16bb55bb4799c0955d7aa41bded2433173f22a71709c92d0','2025-08-16 10:34:56.573553',NULL);
INSERT INTO "users" VALUES (31,'Ram','Kapoor','ram','senior_citizen',NULL,'scrypt:32768:8:1$7bketikJiI5sbLA4$3adc4edabd2c9fd621c88b97dc71487d7d3685682617867a6708bddfe8ac8d2a7398b0ab40bc50299a11ca0734220dd9c6b9ae9921f2a3a1d48dd9039b28a0d7','2025-08-16 13:37:17.669248',NULL);
INSERT INTO "users" VALUES (32,'Ishaan','Kumar','ishaan','care_giver',NULL,'scrypt:32768:8:1$fJghGZdcAvPut0P9$4abd76d860d63de82b187cb7d15a683ea3c01276cad20cfb19cded312fd6a82a35adc87eba7cb70ae12ae4798429ab05cfe6dcdce9b74dca8d9bc8bfe5cc6f72','2025-08-16 13:52:56.646902',NULL);
COMMIT;
